:020000040800F2
:100000000000022005BF0008ADAD0008B1AD00083A
:10001000B5AD0008B9AD0008BDAD00080000000096
:10002000000000000000000000000000117D00083A
:10003000C1AD000800000000A17D0008297A000879
:1000400055BF000855BF000855BF000855BF000840
:10005000C5AD000855BF000855BF000855BF0008D2
:1000600055BF0008C9AD0008D1AD000855BF000854
:10007000D9AD0008E5AD000855BF000855BF000820
:1000800055BF000855BF000855BF000855BF000800
:10009000F1AD0008FDAD000855BF000809AE00082D
:1000A00055BF000855BF000855BF000855BF0008E0
:1000B00055BF000855BF000855BF000855BF0008D0
:1000C00055BF000811AE00081DAE000829AE00089B
:1000D00055BF000835AE000855BF000841AE000806
:1000E00055BF000855BF000855BF000855BF0008A0
:1000F00055BF00084DAE000855BF000869AE0008A6
:1001000055BF000855BF000855BF000855BF00087F
:1001100055BF000855BF000855BF000855BF00086F
:1001200075AE000855BF000881AE00088DAE00080E
:1001300099AE000855BF000855BF000855BF00081C
:10014000A5AE0008B1AE000855BF0008BDAE00085E
:10015000C9AE0008D5AE0008E1AE0008EDAE00085B
:10016000F9AE000805AF000855BF000855BF0008EC
:1001700055BF000855BF000855BF0008000000002B
:0801800055BF000855BF00083F
:1001900081F0004102E000BF83F0004330B54FEA38
:1001A00041044FEA430594EA050F08BF90EA020FA5
:1001B0001FBF54EA000C55EA020C7FEA645C7FEA38
:1001C000655C00F0E2804FEA5454D4EB5555B8BF5B
:1001D0006D420CDD2C4480EA020281EA030382EACC
:1001E000000083EA010180EA020281EA0303362D5E
:1001F00088BF30BD11F0004F4FEA01314FF4801C31
:100200004CEA113102D0404261EB410113F0004F42
:100210004FEA03334CEA133302D0524263EB4303F9
:1002200094EA050F00F0A780A4F10104D5F1200E97
:100230000DDB02FA0EFC22FA05F2801841F10001F2
:1002400003FA0EF2801843FA05F359410EE0A5F1C6
:1002500020050EF1200E012A03FA0EFC28BF4CF0F7
:10026000020C43FA05F3C01851EBE37101F00045AD
:1002700007D54FF0000EDCF1000C7EEB00006EEBBA
:100280000101B1F5801F1BD3B1F5001F0CD3490844
:100290005FEA30004FEA3C0C04F101044FEA44529B
:1002A00012F5800F80F09A80BCF1004F08BF5FEA22
:1002B000500C50F1000041EB045141EA050130BD02
:1002C0005FEA4C0C404141EB0101013C28BFB1F514
:1002D000801FE9D291F0000F04BF01460020B1FA5F
:1002E00081F308BF2033A3F10B03B3F120020CDA32
:1002F0000C3208DD02F1140CC2F10C0201FA0CF010
:1003000021FA02F10CE002F11402D8BFC2F1200C74
:1003100001FA02F120FA0CFCDCBF41EA0C0190402A
:10032000E41AA2BF01EB0451294330BD6FEA040473
:100330001F3C1CDA0C340EDC04F11404C4F120025E
:1003400020FA04F001FA02F340EA030021FA04F370
:1003500045EA030130BDC4F10C04C4F1200220FAC7
:1003600002F001FA04F340EA0300294630BD21FA05
:1003700004F0294630BD94F0000F83F4801306BFCB
:1003800081F480110134013D4EE77FEA645C18BFBF
:100390007FEA655C29D094EA050F08BF90EA020F56
:1003A00005D054EA000C04BF1946104630BD91EA4E
:1003B000030F1EBF0021002030BD5FEA545C05D151
:1003C0004000494128BF41F0004130BD14F5800490
:1003D0003CBF01F5801130BD01F0004545F0FE4104
:1003E00041F470014FF0000030BD7FEA645C1ABF39
:1003F000194610467FEA655C1CBF0B46024650EA70
:10040000013406BF52EA033591EA030F41F400219B
:1004100030BD00BF90F0000F04BF0021704730B521
:100420004FF4806404F132044FF000054FF00001F6
:1004300050E700BF90F0000F04BF0021704730B5B7
:100440004FF4806404F1320410F0004548BF40428C
:100450004FF000013EE700BF42004FEAE2014FEAE1
:1004600031014FEA02701FBF12F07F4393F07F4FBC
:1004700081F06051704732F07F4208BF704793F0BF
:100480007F4F04BF41F40021704730B54FF46074D2
:1004900001F0004521F000411CE700BF50EA0102D5
:1004A00008BF704730B54FF000050AE050EA01027E
:1004B00008BF704730B511F0004502D5404261EBEE
:1004C00041014FF4806404F132045FEA915C3FF42F
:1004D000D8AE4FF003025FEADC0C18BF03325FEACC
:1004E000DC0C18BF033202EBDC02C2F1200300FA7D
:1004F00003FC20FA02F001FA03FE40EA0E0021FAA2
:1005000002F11444BDE600BF70B54FF0FF0C4CF48F
:10051000E06C1CEA11541DBF1CEA135594EA0C0F41
:1005200095EA0C0F00F0DEF82C4481EA030621EA7C
:100530004C5123EA4C5350EA013518BF52EA0335B7
:1005400041F4801143F4801338D0A0FB02CE4FF069
:100550000005E1FB02E506F00042E0FB03E54FF099
:100560000006E1FB03569CF0000F18BF4EF0010E91
:10057000A4F1FF04B6F5007F64F5407404D25FEA8D
:100580004E0E6D4146EB060642EAC62141EA555140
:100590004FEAC52040EA5E504FEACE2EB4F1FD0C82
:1005A00088BFBCF5E06F1ED8BEF1004F08BF5FEA00
:1005B000500E50F1000041EB045170BD06F00046B2
:1005C00046EA010140EA020081EA0301B4EB5C045F
:1005D000C2BFD4EB0C0541EA045170BD41F4801157
:1005E0004FF0000E013C00F3AB8014F1360FDEBF7C
:1005F000002001F0004170BDC4F10004203C35DA58
:100600000C341BDC04F11404C4F1200500FA05F3DA
:1006100020FA04F001FA05F240EA020001F000427B
:1006200021F0004110EBD37021FA04F642EB0601F1
:100630005EEA430E08BF20EAD37070BDC4F10C041B
:10064000C4F1200500FA04F320FA05F001FA04F2DF
:1006500040EA020001F0004110EBD37041F10001CB
:100660005EEA430E08BF20EAD37070BDC4F12005D6
:1006700000FA05F24EEA020E20FA04F301FA05F23E
:1006800043EA020321FA04F001F0004121FA04F2E6
:1006900020EA020000EBD3705EEA430E08BF20EAB6
:1006A000D37070BD94F0000F0FD101F000464000F0
:1006B00041EB010111F4801F08BF013CF7D041EA72
:1006C000060195F0000F18BF704703F00046520076
:1006D00043EB030313F4801F08BF013DF7D043EA47
:1006E0000603704794EA0C0F0CEA135518BF95EAFD
:1006F0000C0F0CD050EA410618BF52EA4306D1D184
:1007000081EA030101F000414FF0000070BD50EAA2
:10071000410606BF1046194652EA430619D094EA2C
:100720000C0F02D150EA013613D195EA0C0F05D116
:1007300052EA03361CBF104619460AD181EA03016A
:1007400001F0004141F0FE4141F470014FF0000022
:1007500070BD41F0FE4141F4780170BD70B54FF0BD
:10076000FF0C4CF4E06C1CEA11541DBF1CEA13553D
:1007700094EA0C0F95EA0C0F00F0A7F8A4EB05041F
:1007800081EA030E52EA03354FEA013100F0888016
:100790004FEA03334FF0805545EA131343EA1263DF
:1007A0004FEA022245EA111545EA10654FEA002694
:1007B0000EF000419D4208BF964244F1FD0404F54D
:1007C000407402D25B084FEA3202B61A65EB0305A9
:1007D0005B084FEA32024FF480104FF4002CB6EB66
:1007E000020E75EB030E22BFB61A754640EA0C00E6
:1007F0005B084FEA3202B6EB020E75EB030E22BF26
:10080000B61A754640EA5C005B084FEA3202B6EB66
:10081000020E75EB030E22BFB61A754640EA9C0025
:100820005B084FEA3202B6EB020E75EB030E22BFF5
:10083000B61A754640EADC0055EA060E18D04FEAB3
:10084000051545EA16754FEA06164FEAC30343EA53
:1008500052734FEAC2025FEA1C1CC0D111F4801F20
:100860000BD141EA00014FF000004FF0004CB6E719
:1008700011F4801F04BF01430020B4F1FD0C88BFB8
:10088000BCF5E06F3FF6AFAEB5EB030C04BFB6EBC3
:10089000020C5FEA500C50F1000041EB045170BDB6
:1008A0000EF0004E4EEA113114EB5C04C2BFD4EBE3
:1008B0000C0541EA045170BD41F480114FF0000E67
:1008C000013C90E645EA060E8DE60CEA135594EAE3
:1008D0000C0F08BF95EA0C0F3FF43BAF94EA0C0FE6
:1008E0000AD150EA01347FF434AF95EA0C0F7FF45B
:1008F00025AF104619462CE795EA0C0F06D152EAAF
:1009000003353FF4FDAE1046194622E750EA410692
:1009100018BF52EA43067FF4C5AE50EA41047FF4A3
:100920000DAF52EA43057FF4EBAE12E74FEA410206
:1009300012F5001215D211D56FF47873B3EB625231
:1009400012D94FEAC12343F0004343EA505311F058
:10095000004F23FA02F018BF404270474FF00000EA
:10096000704750EA013005D111F0004008BF6FF028
:10097000004070474FF00000704700BF4FEA41024F
:10098000B2F1E04324BFB3F5001CDCF1FE5C0DD9ED
:1009900001F0004C4FEAC0024CEA5070B2F1004F37
:1009A00040EB830008BF20F00100704711F0804F3A
:1009B00021D113F13872BCBF01F00040704741F4FF
:1009C00080114FEA5252C2F11802C2F1200C10FA03
:1009D0000CF320FA02F018BF40F001004FEAC123E7
:1009E0004FEAD32303FA0CFC40EA0C0023FA02F38B
:1009F0004FEA4303CCE77FEA625307D150EA013361
:100A00001EBF4FF0FE4040F44000704701F0004030
:100A100040F0FE4040F40000704700BF53B94AB9AF
:100A2000002908BF00281CBF4FF0FF314FF0FF30F6
:100A300000F0E2B8ADF1080C6DE904CE0FF09AFDBC
:100A4000DDF804E0DDE9022304B0704700F1340171
:100A500091E838009C46A6464CF8045D90E8FF0FEC
:100A6000E54600BD90EC210B704700BF80EC210BE8
:100A7000704700BF90EC200B704700BF80EC200B4C
:100A8000704700BFD0EC200B704700BFC0EC200BBC
:100A9000704700BFF0EC0201F0EC0211F0EC022113
:100AA000F0EC0231F0EC0241F0EC0251F0EC0261AA
:100AB000F0EC0271F0EC0281F0EC0291F0EC02A19A
:100AC000F0EC02B1F0EC02C1F0EC02D1F0EC02E18A
:100AD000F0EC02F1704700BFE0EC0201E0EC021123
:100AE000E0EC0221E0EC0231E0EC0241E0EC0251EA
:100AF000E0EC0261E0EC0271E0EC0281E0EC0291DA
:100B0000E0EC02A1E0EC02B1E0EC02C1E0EC02D1C9
:100B1000E0EC02E1E0EC02F1704700BFB0FC0181C3
:100B2000B0FC0191B0FC01A1B0FC01B1704700BF65
:100B3000A0FC0181A0FC0191A0FC01A1A0FC01B1DD
:100B4000704700BFEC4600B52DE900502DE9FF1FAE
:100B50004FF000032DE90C0001A90FF0BDFFDDF8F7
:100B600040E012B0704700BFEC4600B52DE90050E0
:100B70002DE9FF1F4FF000032DE90C0001A90FF034
:100B8000E7FFDDF840E012B0704700BFEC4600B56B
:100B90002DE900502DE9FF1F4FF000032DE90C0057
:100BA00001A90FF0F5FFDDF840E012B0704700BF7B
:100BB000EC4600B52DE900502DE9FF1F4FF0000372
:100BC0002DE90C0001AB0FF0BBFFDDF840E012B0E7
:100BD000704700BFEC4600B52DE900502DE9FF1F1E
:100BE0004FF000032DE90C0001AA10F027F8DDF802
:100BF00040E012B0704700BF704700BF10F8012BF3
:100C000011F8013B012A28BF9A42F7D0D01A704749
:100C1000034613F8012B002AFBD1181A013870473C
:100C200001F0FF01102A2BDB10F0070F08D010F89D
:100C3000013B013A8B422DD010F0070F42B3F6D1A1
:100C4000F0B441EA012141EA014122F007047FF0BA
:100C500000070023F0E80256083C85EA010586EA11
:100C6000010685FA47F5A3FA87F586FA47F6A5FA4D
:100C700087F68EB9EED1F0BC01F0FF0102F0070259
:100C800032B110F8013B013A83EA010313B1F8D104
:100C90000020704701387047002D06BF35460338E5
:100CA000073815F0010F07D1013015F4807F02BF1E
:100CB000013015F4C03F0130F0BC0138704700BF6F
:100CC0000348044B834202D0034B03B118477047DB
:100CD000B80D0020B80D0020000000000548064BAC
:100CE0001B1AD90F01EBA301491002D0034B03B12A
:100CF00018477047B80D0020B80D00200000000014
:100D000010B5064C237843B9FFF7DAFF044B13B153
:100D10000448AFF300800123237010BDB80D0020FC
:100D200000000000CC23010808B5054B1BB10549A4
:100D30000548AFF30080BDE80840FFF7CFBF00BF14
:100D400000000000BC0D0020CC23010808B50B4BAF
:100D50001A6842F400721A601A6842F480621A60DB
:100D60001A6842F480721A60032000F02BFD0F20F5
:100D700009F0C8FF09F09AFF002008BD003C0240BE
:100D8000034A044B11681B780B441360704700BF83
:100D9000D40D002004000020014B1868704700BFEC
:100DA000D40D002038B50446FFF7F6FF631C054656
:100DB00002D0044B1B781C44FFF7EEFF401BA042FF
:100DC000FAD338BD04000020002800F09E8038B51A
:100DD000056C04463DB1236CDB060CD5002384F87A
:100DE0003C30012038BD09F023F96564236C84F898
:100DF0003C50DB06F2D4236C474A23F4885323F09B
:100E0000020343F0020323645168236821F4403154
:100E1000516051686068014351605A682069A16857
:100E200022F480725A605A6842EA00225A605A6874
:100E3000E06822F040725A605A680A435A609A6821
:100E4000A16A22F400629A609A6802439A60334A67
:100E500091429A6851D022F07062E06A9A609A6872
:100E6000114399609A6822F040529A609A6802434E
:100E70009A609A6822F002029A609A68217E42EA99
:100E800041029A6094F82020002A40D05A68616A92
:100E900042F400625A605A6822F460425A605A680A
:100EA000013942EA41325A60DA6AE16922F4700299
:100EB000DA62DA6A013942EA0152DA629A686169F1
:100EC00022F400729A609A6894F8300042EA402254
:100ED0009A609A6822F480629A609A68002042EAD6
:100EE00081229A606064236C23F0030343F00103C2
:100EF0002364002384F83C3038BD22F070629A608D
:100F00009A6822F040529A60B3E7012070475A680D
:100F100022F400625A60C7E7002301400100000F7D
:100F200070B590F83C3082B00246012B4FF00000C3
:100F3000019000F09380012382F83C300D68136823
:100F40008C68092DA8B228D81E6905EB450E4FF014
:100F5000070C0CFA0EFC26EA0C061E611E6904FA48
:100F60000EF434431C614C68062C04EB84012AD82F
:100F70005C6B05394FF01F0C88400CFA01F124EA34
:100F800001015963596B0843586336498B422BD092
:100F9000002082F83C0002B070BD00EB400CDE681F
:100FA000ACF11E0C4FF0070E04FA0CF40EFA0CFC18
:100FB00026EA0C06DE60DE683443DC604C68062CF2
:100FC00004EB8401D4D90C2C34D81C6B23391F2694
:100FD000884006FA01F124EA01011963196B0843FC
:100FE000204918638B42D3D1122D30D0A5F11003C4
:100FF000012BCDD81C494B68102D43F400034B60E6
:10100000C6D11A4B01F146711B6801F52E3101F270
:101010008331A1FB03139B0C03EB83035B00019360
:10102000019B002BB4D0019B013B0193019B002B42
:10103000F9D1ADE7DC6A41391F26884006FA01F193
:1010400024EA0101D962D96A0843D8629DE7D1F840
:10105000043343F48003C1F8043399E7022002B05B
:1010600070BD00BF00200140002301409800002017
:1010700000287BD038B590F820300446002B72D081
:101080002268136843F001031360FFF785FE0546ED
:1010900004E0FFF781FE401B0A285BD823685A68EA
:1010A000D107F6D51A6822F002021A60FFF774FE23
:1010B000054604E0FFF770FE401B0A284AD8236863
:1010C0005A689207F6D4227E012A1A680CBF42F0B1
:1010D000800222F080021A60627E012A1A680CBF28
:1010E00042F0400222F040021A60A27E012A1A68F1
:1010F0000CBF42F0200222F020021A60E27E012A98
:101100001A680CBF22F0100242F010021A60227F0F
:10111000012A1A680CBF42F0080222F008021A6085
:10112000627F012A1A680CBF42F0040222F0040216
:101130001A60D4E90220216902430A4360696168A8
:10114000024301390A4300200121DA61606284F818
:10115000201038BD636A052243F40033636284F8CB
:101160002020012038BD08F0E1FF89E70120704709
:1011700090F82020013A012A06D9426A034642F437
:10118000802201205A627047404BD3F80022012090
:10119000024330B4C3F80022D3F8002222F47C5278
:1011A000C3F80022D3F800224C6A42EA0422C3F8B2
:1011B00000224A6902F01F04A040D3F81C4224EA2E
:1011C0000004C3F81C42CD69C443002D45D1D3F8B7
:1011D0000C522540C3F80C52D200CD688B8802F126
:1011E000804202F5C84243EA0543C2F840328D68A6
:1011F0000B8843EA0543C2F844328B69234A33BB68
:10120000D2F804322340C2F804320B69C3B91F4B31
:10121000D3F814221440C3F814420B6A012B05D1F1
:101220001A4AD2F81C320343C2F81C32174AD2F8C9
:10123000003223F00103002030BCC2F800327047B6
:10124000124AD2F814320343C2F81432E5E7D2F856
:1012500004320343C2F80432D7E7012DCDD1D3F8CD
:101260000C520543C3F80C52D2000D688B8802F172
:10127000804202F5C84243EA0543C2F840328D6815
:101280008B8943EA0543C2F84432B6E70064004064
:1012900038B590F82030012B044605D0436A43F45A
:1012A00000234362012038BD0268022380F8203009
:1012B000136823F001031360FFF76EFD054604E099
:1012C000FFF76AFD431B0A2B07D823685B6813F0FE
:1012D0000103F5D16362184638BD636A052243F401
:1012E0000033636284F82020DCE700BF30B490F85C
:1012F00020C005680CF1FF3CBCF1010FAC6834D88C
:1013000014F0E05F38D0C4F30164032C42D0012014
:10131000A04018608B68A3B3C8680343486843EAD9
:10132000C00304F1180000012B5005EB041C0B69ED
:10133000CCF884310B7D012B4FEA041105D1DCF888
:10134000843143F48073CCF884316B185168C3F84E
:101350008C111268C3F88821DCF8803143F0010356
:10136000002030BCCCF880317047436A43F48023BE
:101370004362012030BC7047436A43F40013436268
:10138000F7E7CB68086843EA405004F118031B01F3
:10139000E850CAE7436A43F400034362E9E700BF49
:1013A00090F82030013B012B01D9002070470368E1
:1013B00098689A689B681201C0F3806048BF01304A
:1013C000DB00F3D50130704790F820C00CF1FF3CF2
:1013D000BCF1010F65D870B5046841B9E568AE0786
:1013E00008D1436A43F400134362012070BD2569AC
:1013F000AD07F6D004EB011C4FEA011EDCF8B0513A
:1014000005F004059560002D51D0DCF8B051ED08D1
:101410005560DCF8B05105F00205D560DCF8B45138
:10142000DCF8B46105F00F0515617444DCF8B451C3
:10143000C6F3072696612D0CD4F8B86155611E706D
:1014400002687244D2F8B821120A5A7002687244D3
:10145000D2F8B821120C9A7002687244D2F8B821FE
:10146000120EDA7002687244D2F8BC211A71026856
:101470007244D2F8BC21120A5A7102687244D2F83E
:10148000BC21120C9A7102687244D2F8BC21120E6F
:10149000DA71026881B9D36843F02003D360002079
:1014A00070BD436A43F48023436201207047DCF837
:1014B000B0516D0D1560ACE7136943F02003136163
:1014C000EDE700BF90F82030013B012B01D900204F
:1014D0007047036819B9D86800F0030070471869AD
:1014E00000F00300704700BF90F82020013A012A65
:1014F000034605D9426A42F4802201205A627047AD
:10150000026853690B43002053617047704700BF66
:10151000704700BF704700BF704700BF704700BFF3
:10152000704700BF704700BF704700BF704700BFE3
:10153000704700BF704700BF2DE9F84F03685C6932
:10154000D3F804809F68D3F80CB0D3F810A0D3F878
:10155000189014F0010605461FD0F90700F1978096
:101560000026F9050BD52B684FF480729A60BA05F6
:1015700000F1F5807B0540F1E88046F40056F90360
:101580000BD52B684FF480329A60BA0300F1EB80E0
:101590007B0340F1DF8046F40046210702D51BF0B3
:1015A000100F6ED1620703D51BF0080F40F0978033
:1015B000A30703D52B68DB689F077AD1600602D5A5
:1015C0001AF0100F57D1A10602D51AF0080F69D1F1
:1015D000E20603D52B681B699B076ED1A70302D5D2
:1015E00018F0100F6DD1E00302D518F0080F6FD17D
:1015F00021043CD518F0040F2B6836D0E20504D541
:1016000019F0010F18BF46F00106A7056ED4610559
:1016100004F4006225D519F0040F22D046F0040628
:10162000002A71D019F070096ED0B9F1400F00F0A6
:10163000C0806CD8B9F1200F00F0A780B9F1300F4D
:1016400074D19A69042122F070029A6146F0200652
:1016500059606B6A334328466B62FFF76BFFBDE846
:10166000F88F12B119F07009DFD104225A60002EF0
:10167000EFD1BDE8F88F2B68102246F480661A611E
:10168000A1E72B68102246F40076DA608AE701228F
:101690009A60BA0735D47B0754D43E077ED54FF401
:1016A00080565EE72B6808221A612846FFF73CFF48
:1016B0008EE728460BF01AFC80E728460BF01AFC50
:1016C0008CE72B6810225A602846FFF72FFF8AE725
:1016D0002B6808225A602846FFF72AFF88E72B6804
:1016E0000822DA602846FFF71DFF61E719F0020FB4
:1016F0008DD0600546F0020604F400628BD41AB166
:1017000090E7FFF703FF2BE704225A60A1E7B9F146
:10171000500F2CD0B9F1600F32D19A69042122F018
:1017200070029A6146F48076596092E7B9F1100F21
:1017300026D19A69042122F070029A6146F00806C7
:10174000596086E74FF400660BE738052DD546F45F
:10175000804614E7380324D546F480361DE7284632
:10176000FFF7D6FE0BE72846FFF7D4FE15E79A6988
:10177000042122F070029A6146F08006596068E701
:101780009A6922F070029A616FE79A69042122F047
:1017900070029A6146F0100659605AE7FFF7BCFEE6
:1017A000DEE62846FFF7BCFEF7E62846FFF7B6FE62
:1017B000E5E69A69042122F070029A6146F040063B
:1017C000596046E70749CA6803024FF6FF0003F471
:1017D000E0630240134343F0BF6343F40033CB6044
:1017E000704700BF00ED00E01B4BDB68C3F3022332
:1017F00000B5C3F1070EBEF1040F03F1040C28BFBE
:101800004FF0040EBCF1060F1CD9A3F1030C4FF0EE
:10181000FF3303FA0CF322EA03024FF0FF3303FA1B
:101820000EF321EA030303FA0CF313431B01002810
:10183000DBB20ADB00F1604000F5614080F8003364
:101840005DF804FB00229446E7E7044A00F00F002D
:10185000024413765DF804FB00ED00E0FCEC00E0D0
:10186000002807DB4109044A00F01F0001238340E0
:1018700042F82130704700BF00E100E080B110B5B0
:101880004379044603F0FF021BB10123637100207A
:1018900010BD027108F0FAFC01236371002010BD35
:1018A0000120704788B110B50379044603F0FF02A8
:1018B0003BB10023022101222171236122711846CC
:1018C00010BD427108F024FDF3E70120704700BF0E
:1018D0000346407901281FD0022030B41871D1E9A5
:1018E00000011C6802F010022568014340F6FE70FA
:1018F000904025EA00009140014321602168C0200A
:1019000000FA02F2002521EA020201212260197187
:101910005D71284630BC70470220704738B50446D8
:10192000FFF73AFA002C75D023680022022184F8D0
:10193000351084F834201A6822F0010205461A6036
:1019400005E0FFF729FA431B052B39D823681A68ED
:10195000D107F6D4D4E90120E16802430A43D4E96F
:101960000451A0692A430A43E1691D6802430A43FE
:1019700032492940256A2A430A43616A042926D04C
:101980001A605A6922F007021143D8B22C4A5961F1
:101990001038A2FB005212092A4923F47F73895C94
:1019A000E16523F003035F2888BF04333F228A40A8
:1019B000A36500209A600123606584F8353038BD46
:1019C00003232022626584F83530184638BDD4E9F7
:1019D0000B512943114319605969A26A21F007018B
:1019E000114341F00401002DCFD028B9012A21D0A4
:1019F00032F00202C9D106E0B0F5005F0CD0022A35
:101A000003D9032AC1D1EA01BFD54022012362656F
:101A100084F83530012038BD032AB6D801A050F82B
:101A200022F000BF0B1A0008071A00080B1A000862
:101A3000351A0008B5F1C07FA7D1E6E73F8010F066
:101A4000ABAAAAAA0824010870B490F83440856DA6
:101A5000012C0AD090F835404FF0010C644580F815
:101A600034C005D0002380F83430022070BC7047A9
:101A7000022680F83560046800264665266826F44C
:101A80008026266063608368402B0EBFA260A16041
:101A9000E260C26D08BFE1603F239340AB60236802
:101AA000026C43F0160323601AB1236843F0080365
:101AB0002360236843F001030020236070BC70475B
:101AC00070B50446866DFFF767F994F83530022B40
:101AD00006D080236365002384F83430012070BD74
:101AE00023681A6822F016021A605A6922F08002EE
:101AF0005A61226C054642B31A6822F008021A6045
:101B00001A6822F001021A6005E0FFF745F9431B4D
:101B1000052B10D823681B6813F00103F5D1E16D84
:101B20003F228A40184601210023B26084F8351014
:101B300084F8343070BD032320226265184684F88F
:101B40003530002384F8343070BDA26C002AD3D124
:101B5000D6E700BF90F83530022B03D080234365D1
:101B6000012070470268052380F83530136823F0A0
:101B70000103002013607047F0B583B0674A876D9A
:101B8000166800230193C36D3D6808229A402A42DB
:101B9000044603D001680868400778D401229A40BF
:101BA0002A4203D02168496908066AD404229A406F
:101BB0002A4203D02168096889075CD410229A4020
:101BC0002A4203D021680868000741D420229A40A5
:101BD0002A4214D021680868C00610D5BA6094F86B
:101BE0003520052A63D00B6813F4802F0B687ED054
:101BF000190340F18980E36B0BB120469847636D70
:101C000023B3636DDA071AD522684549052384F8A2
:101C100035301368A1FB061623F00103B60A1360E2
:101C200002E01368DB0704D5019B0133B342019343
:101C3000F7D90122002384F8352084F83430E36C8E
:101C400023B1204603B0BDE8F040184703B0F0BD13
:101C5000BA600A6812F4802F0A6822D1D20503D430
:101C60000A6822F008020A60226C002AAED02046E0
:101C70009047E36DAAE7BA60626D42F004026265C4
:101C80009CE7BA60626D42F0020262658EE7086806
:101C900020F004000860BA60626D42F001026265E3
:101CA0007CE71103E0D5A26C002AE0D18EE70A6838
:101CB00022F016020A604A6922F080024A61226C10
:101CC0003AB30A6822F008020A603F2202FA03F3DC
:101CD000216DBB600122002384F8352084F8343064
:101CE0000029B3D0204603B0BDE8F040084713F404
:101CF000807380D10A6822F010020A60012284F801
:101D0000352084F8343076E7636C002B7FF475AFB0
:101D100075E7A26C002AD4D1D7E700BF9800002055
:101D2000B5814E1B90F83500704700BF1B4BDA6839
:101D3000D10605D51A49CA6910200243CA61D86084
:101D4000164BDA68920606D51549CA69202042F07A
:101D50000802CA61D860114BDA68500606D51049EE
:101D6000CA69402042F00402CA61D8600B4BDA68AD
:101D7000110606D50A49CA69802042F00202CA61EA
:101D8000D860064BDA68920706D50549CA69022071
:101D900042F02002CA61D860704700BF003C024098
:101DA000D80D0020704700BF704700BF38B52F4BDB
:101DB0002F4CDB6813F0F20F0ED02378012B3FD0AD
:101DC0002378022B0CBF25696569FFF7AFFF284612
:101DD000FFF7EAFF00232370244BDA68D2070CD503
:101DE0000122DA60237893421AD02378022B2CD078
:101DF0006069FFF7D7FF00232370237803F0FF010A
:101E00006BB91A4B1A6922F0FF021A611A6922F0A3
:101E100080721A611A6922F000721A61217638BD47
:101E20006368013B63606368ABB1E068FFF7BAFFCA
:101E3000E3680133E360E068217A00F01BF8DCE737
:101E40004FF0FF33E568E360BFE700F031F8206949
:101E5000FFF7A8FFCFE74FF0FF35E560237000F0F4
:101E600027F82846FFF79EFFC7E700BF003C024067
:101E7000D80D00200D4B1A6922F440721A611A69BC
:101E8000022994BF09024FF440710A431A611A698A
:101E900022F0F8021A611A6942EAC00040F002001A
:101EA00018611A6942F480321A617047003C02409E
:101EB000144B1A6891050FD51A6822F400721A6043
:101EC0001A6842F400621A601A6822F400621A600A
:101ED0001A6842F400721A600A4B1A6852050FD54C
:101EE0001A6822F480621A601A6842F480521A60FA
:101EF0001A6822F480521A601A6842F480621A60EA
:101F0000704700BF003C02402DE9F04F00230C68F1
:101F1000DFF818A285B04FF0010B894603E00133CA
:101F2000102B00F091800BFA03F202EA0408A2439E
:101F3000F5D1D9F8041001F003024FEA430C032550
:101F4000571E05FA0CF5012F6FEA05057FD9032A04
:101F500040F0B680076802FA0CF23D402A4311F4C3
:101F6000403F0260DBD000220392DAF8442042F4C2
:101F70008042CAF84420DAF8442002F480420392F6
:101F8000039A23F0030202F1804203F003070F26B5
:101F900002F59C32BF0006FA07FC614E9568B0421C
:101FA00025EA0C0527D006F58066B04200F0938044
:101FB0005C4EB04200F09580DFF874C1604500F0DF
:101FC0009680DFF870C1604500F09780DFF868C147
:101FD000604500F09880DFF864C1604500F09980AA
:101FE000DFF85CC160450CBF4FF0070C4FF0080CE8
:101FF0000CFA07F73D4395604B4A9268CE026FEAB0
:102000000805494E54BF2A4048EA0202B260F2680D
:10201000454E8F0254BF2A4048EA0202F2607268BD
:102020008E03414E54BF2A4048EA02027260326871
:10203000C90303F101033C4954BF2A4048EA0202A4
:10204000102B0A607FF46FAF05B0BDE8F08F876892
:1020500007EA050ED9F80C7007FA0CF747EA0E07E5
:102060008760476827EA080EC1F300179F4047EAD8
:102070000E074760C76807EA050ED9F8087007FA27
:102080000CF747EA0E07022AC7607FF463AFDF0848
:1020900000EB870701973E6AD9F81070009603F0AD
:1020A000070E4FEA8E0E0F2607FA0EF706FA0EFEFF
:1020B000009E26EA0E0E019E47EA0E07376249E7A8
:1020C000C76807EA050ED9F8087007FA0CF747EA5F
:1020D0000E07C7603EE74FF0010C0CFA07F73D43CF
:1020E00089E74FF0020C0CFA07F73D4383E74FF006
:1020F000030C0CFA07F73D437DE74FF0040C0CFA94
:1021000007F73D4377E74FF0050C0CFA07F73D431F
:1021100071E74FF0060C0CFA07F73D436BE700BF81
:102120000000024000080240003C0140003802402C
:10213000000C02400010024000140240001802404F
:10214000001C02400369194214BF0120002070479F
:1021500002B9090481617047044A5169014200D102
:10216000704708B550610BF013F808BD003C014002
:10217000002800F0B88070B590F83D30044603F0B8
:10218000FF02002B00F098802368242284F83D2071
:102190001A6822F001021A601A6842F400421A60BA
:1021A0001A6822F400421A6002F062F865684F4B28
:1021B0009D424FD84E4B98427CD94E4B6A00A3FBB0
:1021C0000035431EB3FBF2F32268516821F03F0152
:1021D00041EA95415160116A4FEA954C0CF1010CAE
:1021E00021F03F0141EA0C011162D16940F6FC7017
:1021F000013321F44F41034221F0FF0161D1042357
:102200000B43D361D4E907301168034321F0C001C7
:102210000B4313609168D4E9030321F403410343A2
:1022200021F0FF010B439360D4E90530D1680343EB
:1022300021F0FF010B43D3601168002341F001013D
:1022400020201160236484F83D00236384F83E302D
:10225000184670BD284B98422CD92268254B274E32
:10226000A3FB003C431E506820F03F0040EA9C4026
:1022700050604FEA9C414FF4967000FB01F1A6FBC1
:102280000161106A890920F03F00013101431162A8
:10229000D169A06821F44F4121F0FF01A0B905EBFD
:1022A0004505B3FBF5F30133C3F30B03CBB143F4A3
:1022B0000043A5E7012070BD80F83C2008F04EFAED
:1022C00062E7C3F30B039BE705EB850505EB85058B
:1022D000B3FBF5F30133C3F30B0313B143F44043F2
:1022E0008EE701238CE70120704700BFA086010024
:1022F0007F841E0083DE1B43FF083D00D34D621028
:10230000704700BF704700BF704700BF704700BFF5
:10231000704700BF704700BF90F83D20016D034635
:1023200059B9C26C0168012A826C0DD0C2F3072230
:102330000A61026D013202657047016D012909D001
:10234000016D02290ED07047D2B20A61026D0232CD
:1023500002657047826C0168D2B20A61026D013277
:1023600002657047D2B2222A1FD0418D89B2C1B90D
:10237000418D89B20029E6D1212AE4D1026810B545
:10238000546824F4E0645460146844F400741460E5
:102390002022016380F83D2080F83E10FFF7BAFF4D
:1023A00010BD212A0AD05B8D704701680A6842F48B
:1023B00080720A60026D013202657047416A0268EC
:1023C00011F8010B10615A8D5962013A92B25A8587
:1023D000704700BF704700BF704700BF70B53A4BF1
:1023E0003A4A1B68806B82B0DB080021A2FB032302
:1023F00001911B0A90F83D10026803EB8303C3EBC5
:10240000C303C9B2019305E0019B013B019313682B
:102410009B0506D5019B002BF6D1036C43F02003EE
:102420000364D0E90D4344B30025E563F3B11668B6
:10243000DD6326F4806616604585256500241C65ED
:10244000136823F00103136090F83D30602B29D00E
:1024500001F02801282918D02022002380F83D20EF
:1024600080F83E30FFF7B6FF02B070BD156825F466
:102470008065156043852365E2E7F3B11568DC6389
:1024800025F4806515604485D8E7136843F001039F
:1024900013601368002443F480631360046380F8BE
:1024A0003D10DFE70023202280F83D2080F83E30F9
:1024B0000364FFF791FF02B070BD146824F48064D8
:1024C00014604385BCE700BF9800002089B5F8146C
:1024D00010B590F83D2090F83E30102B0446D2B253
:1024E00039D0D9B2402936D002F0280128292368F2
:1024F0003CD05968080507D4602A05D02021002265
:1025000084F83D1084F83E20002222635A6812F4B9
:10251000006233D194F83D10602974D05A69500696
:1025200005D5626A1B691370636A013363622046D2
:10253000FFF750FF236C190704D02268536823F477
:10254000E063536094F83D30226C5207DBB201D552
:10255000282B2ED010BD222AC6D123681A6822F457
:1025600000621A605A681205C8D5CDE700222263BE
:1025700084F83D105A6812F40062CBD05A68606B40
:1025800022F400625A6090F83530012B1ED0294B9E
:102590000365FFF7DFFA0028CCD02268606B136870
:1025A000202123F00103136084F83D10036D984748
:1025B000C0E700232049E16220222363204684F8FB
:1025C0003D2084F83E30FFF7A3FE10BDA06B194BF1
:1025D0000365FFF7BFFA0028ACD023685A6951069B
:1025E00006D5626A1B691370626A236801326262EF
:1025F0001A68A06B22F0010220211A6084F83D10B5
:10260000036D984796E7202184F83D1022645A69AB
:10261000520606D5626A1B691370626A236801322A
:1026200062621A6822F0010220461A60FFF7D4FEA7
:1026300080E700BFDD2300080000FFFFF0B503685E
:102640005F68C56A90F83E2090F83D10102A044655
:102650008FB0C9B2D0B221D040281FD0226C002A3E
:1026600000F097805A69002012F0020559D0BD058C
:102670005AD5226C02B1986994F83D2002F02802E4
:10268000282A00F0308200220C9259690C919B6933
:102690000C930C9B84F83C200FB0F0BD9E695A69E6
:1026A00012F0010F1AD1B5F52A0FF5D0B5F12A4F66
:1026B000F2D0150770D5BD0540F18680626C616B64
:1026C000D2B21A61002900F0FB81CA6B002A00F027
:1026D000F7815A6842F400625A60DDE7BD0571D5A2
:1026E000E26AB2F52A0F00F0FB81E26AB2F12A4FEA
:1026F00004BF0822E26294F83E20402A00F0E981FB
:102700002269B2F5804F00F0CA81226D002A40F0A4
:10271000FE81626CD21102F0060242F0F0021A61F0
:10272000BAE7D60600F18A8001F0F701212902F00C
:10273000040000F0E080510640F113817A0540F179
:102740001081002840F0108194F83D10628D92B203
:10275000C9B2002AA0D0626A1B691370638D626AD5
:10276000013B9BB26385638D01329BB26262002B99
:1027700092D12A2990D1226853682225282123F456
:10278000806353602046256384F83D10FFF7BCFD4D
:1027900082E798695A6967E7950715D5BD0513D58E
:1027A00094F83E20E06A256B94F83D102229D2B2BD
:1027B00000F0BF8100220A925A690A929B690A932B
:1027C0000A9B69E71507E7D5760740F1D9805D6870
:1027D0002D053FF561AF160602F0040540F1F980C2
:1027E0007A0540F1F680002D40F0F68094F83D2007
:1027F000208D94F83E10E56AD2B2C9B2002840F0AC
:102800004682212A00F0548340297FF445AF222AD2
:102810007FF442AF628D92B2002A00F07E8294F87B
:102820003E20402A00F0E180626A12F8011B196123
:10283000638D6262013B9BB263852DE7B8057FF52E
:1028400073AF94F83D605A6822F4E0625A600D95C7
:102850005A690D921A6842F001021A600D9A1A68BC
:1028600022F480621A605A681105F6B200F1E6801F
:10287000638D9BB213B323685A6952070AD5626A03
:102880001B691370628D636A013A591C92B2236806
:10289000616262855A69570609D5626A1B691370BD
:1028A000638D626A013B01329BB262626385638D14
:1028B0009BB21BB1236C43F004032364236C002BF5
:1028C00040F0E7802A2E00F0728194F83D30282BEA
:1028D00000F07D81236B222B02D0222E7FF4DCAE10
:1028E000002320222363204684F83D2084F83E30D4
:1028F000FFF70AFDD0E6160627D57D0525D538BB9E
:1029000094F83D00628D92B2C0B2002A3FF4C4AE8A
:10291000626A12F8015B1D616262628D013A92B2D5
:102920006285628D92B2002A7FF4B6AE29287FF4C8
:10293000B3AE5A68282522F480625A60204621638B
:1029400084F83D50FFF7DEFCA6E600283FF4A4AE75
:10295000B8057FF5A1AE628D92B2002A3FF49CAE1D
:1029600062E700283FF498AEBE057FF595AE628D14
:1029700092B2002A3FF490AE626A1B69137020E0A5
:1029800059680D053FF588AE500602F0040132D4B7
:1029900000293FF481AEBE057FF57EAEE06A628D10
:1029A000616A92B2042A00F04081628D92B2032AD9
:1029B00000F07F81628D92B2022A00F0B3811B6920
:1029C0000B70638D626A013B01329BB26262638568
:1029D00062E6002D3FF460AEBE057FF55DAE2129B5
:1029E00000F02A8140287FF457AE20460FB0BDE8A2
:1029F000F040FFF791BC7A05CAD50029CBD194F8F5
:102A00003D20222A7FF448AE628D92B2032A40F222
:102A10001682626A1B691370638D626A013B9BB206
:102A20006385638D9BB20132032B62627FF434AE07
:102A30002268536823F4806353602DE606F0F702A2
:102A4000222A00F09380606B0268526892B262851D
:102A5000628D92B21AB1226C42F0040222645A686A
:102A600022F400625A60FFF75DF9012808D0606B1C
:102A7000974B0365FFF76EF810B1606B036D9847D5
:102A8000638D9BB2002B7FF4F6AE236C002B3FF4DA
:102A90001CAF20460FB0BDE8F040FFF719BD94F819
:102AA0003D20212A626C16BF42F0010202F0FE02B4
:102AB000D2B21A61626B1AB1D26B002A7FF409AEEE
:102AC000A26B002A3FF4E8ADD26B002A7FF401AE7E
:102AD000E2E5226D3ABB626C02F0FE021A61DBE5B0
:102AE0000122E26207E65A6822F480625A60070611
:102AF00080F004014FF0000354BFA289228B84F8B8
:102B00003C30C1F380012046FFF700FCC4E5226D94
:102B1000012A7FF4C1AD626CD21102F0060242F0CC
:102B2000F1021A61B8E5626C42F00102D2B21A6198
:102B3000B2E5216D11B9402A00F0A280226D22B9C0
:102B40002169B1F5404F00F0A680628D92B2002A53
:102B50004AD103925A6903929A690392039A1A68B6
:102B600042F400721A600023236595E5A06B0268A9
:102B7000526892B26285628D92B21AB1226C42F0B2
:102B8000040222645A6822F400625A60FFF7CAF80D
:102B900001283FF46DAEA06B4D4B0365FEF7DAFFE5
:102BA00000283FF465AEA06B036D984760E62822CD
:102BB0002363204684F83D20FFF7A6FB94F83D30C0
:102BC000282B04D0236B222B7FF466AD88E60023EC
:102BD0004049E16220222363204684F83D2084F8A6
:102BE0003E30FFF795FB57E5628D92B2012A73D014
:102BF000628D92B2022A00F0D9801A6842F4806293
:102C00001A605A68120508D5202800F2FB800728B0
:102C100000F2ED80012800F0F080002209925A694C
:102C200009929B690993099B9DE75A6822F4806287
:102C30005A601B690B70C4E6E16A94F83D20212AB2
:102C40007FF42AAD628D92B2002A7FF4EDAD08299F
:102C500000F0DD80202900F0DA8011F5803F00F0DF
:102C6000D680596821F4E061596011202023206347
:102C700084F83E20204684F83D30FFF741FB0BE509
:102C800001915A6901929B690193019B04E5212AF4
:102C90007FF4BAADBEE502925A6902929A69029235
:102CA000029A1A6842F480721A60236D0133236518
:102CB000F2E45A68042822F480625A603FF47FAE3E
:102CC00002283FF47CAE1A6822F480621A6076E62D
:102CD000DD2300080000FFFF10F5803F00F0298190
:102CE000082800F0FD80202800F0FA80122D00F066
:102CF0005081102800F24F819C4A0241D20700F116
:102D00004A811A6842F480621A60002206925A6967
:102D100006929B690693069B25E75A6822F4806217
:102D20005A60B9E401380F2809D8DFE800F03A35D5
:102D3000083508080808080808080808083A1A6842
:102D400042F400721A601B690B70638D626A21681D
:102D5000013B9BB263850B69511C61625370638DAB
:102D60002168626A013B9BB263854B68013223F4A0
:102D70004073202062624B6084F83D0094F83E303E
:102D8000402B00F0EA800022122384F83E202046E7
:102D900023630AF01BFA7FE41A6842F480621A6027
:102DA000D1E71A6822F480621A60CCE7102804D8B0
:102DB0006F4AC240D70700F1A3801A6822F48062EC
:102DC0001A601A6842F400621A605A68160506D53D
:102DD000202840F29D8010F5803F00F09E80002268
:102DE00008925A6908929B690893089BBBE6614A5E
:102DF0000838C240D7077FF510AF5A6842F48052B6
:102E00005A600AE710F5803F7FF407AFF5E759688D
:102E100021F4E061596019680022202041F400711A
:102E20001960226384F83D0094F83E3084F83E2017
:102E3000402B20467FF421AFFFF76CFA2CE4E06AC8
:102E400002283FF46AAF012A3FF667AF4A4A0B9166
:102E5000126846F2A810B2FBF0F202EB82020B926B
:102E600004E01A6812F4007200F09A800B9A013A9A
:102E70000B920B990029F4D1226C606A42F0200277
:102E800022645A6822F4E0625A601B690370638D01
:102E9000626A013B01329BB220206385626284F842
:102EA0003D00204684F83E10FFF794FAFFF7F4BB8C
:102EB000082DACD0202DAAD015F5803FA7D05A6898
:102EC00022F4E0625A60112000212023206384F85C
:102ED0003E10204684F83D30FFF712FAFFF7DCBBC6
:102EE0001A68002122F480621A6007915A690792D9
:102EF0009A690792079A1A6842F400721A6032E6D9
:102F00001A6842F480621A605A6815057FF567AF47
:102F1000072807D801287FF462AF5A6842F480522C
:102F20005A605CE7134A0838C240D1077FF557AFB3
:102F3000F3E71A6822F480621A605A6812F4006299
:102F40001CD01A68002122F480621A6004915A6928
:102F500004929B690493049B05E6002384F83E30A9
:102F6000204623630AF05EF9FFF796BBEBFFFEFFF6
:102F700014000100010100019800002005925A6927
:102F800005929A690592059A1A6842F400721A60CD
:102F9000E9E50128A4D11A6822F480621A60B4E637
:102FA0001968606A21F480611960596821F4E06150
:102FB00059601B690370638D013B20219BB26385BF
:102FC00084F83D10636A94F83E100133402963622F
:102FD0007FF4DAAE84F83E20204622630AF022F91C
:102FE000FFF75ABBF0B503685C695A6890F83E1069
:102FF000E50583B0C9B210D512F4807614D06FF411
:103000008072A7055A615FD503256FF400725A617B
:10301000620512D422054AD44EE0A50506D512F465
:1030200080763ED00225F0E7A5053AD414F48065F9
:1030300039D012F4807634D00025428D90F83DC00E
:10304000076B202992B25FFA8CFC10D06FF480627B
:10305000102945F004055A6101D040293ED11A6873
:10306000270542F400721A6026D506BB24E082BB15
:103070000CF0F702212A04D0BCF1280F29D1212F0E
:1030800027D190F83D20C16A0829D2B22FD020293B
:103090002DD0212A46D06FF480625A61270522D4B0
:1030A00055B903B0F0BD2105FBD5D605F9D56FF4B0
:1030B000006245F008055A61036C2B43036403B0BA
:1030C000BDE8F040FFF704BA67054FF00105B4D43E
:1030D000A0E76FF4806245F004055A612405EBD542
:1030E000002EE4D1E8E7002EDAD00368DFE7282AD3
:1030F000CFD1194AC2625A68019022F4E0625A6044
:103100006FF480625A611A6822F480621A600023A8
:103110002022036380F83D2080F83E30FFF7F8F866
:103120000198BBE70C49C1620263202280F83D2070
:10313000002280F83E205A68019022F4E0625A6032
:103140006FF480625A611A6822F480621A60FFF795
:10315000D9F80198A2E700BF0000FFFFF0B58BB0DF
:1031600060B390F8BD340468054603F0FF02002BFD
:1031700076D02046032385F8BD34E36B2E4613F446
:10318000807308BF2B6103F041F856F810EBB4468A
:10319000BCE80F006C460FC4BCE80F000FC49CE8ED
:1031A000030084E803002F1D97E80E00704602F02C
:1031B00067FF044630B1022385F8BD340124204660
:1031C0000BB0F0BD0146286803F028F8686858B3D2
:1031D00022464FF0010E214602EBC20305EB8303AA
:1031E00002F1010C83F83C20A3F844205FFA8CF232
:1031F0008242C3E9121183F83DE083F8401059651B
:10320000EAD3002204EBC40305EB8303611C83F8BB
:103210007C42CCB28442C3E9A22283F87D2283F8A7
:103220008022C3F89422EDD30FCE6C460FC40FCE8C
:103230000FC496E8030084E8030097E80E002868AE
:1032400003F076F804460028B5D1012385F838004C
:10325000286885F8BD3403F081FC20460BB0F0BD32
:1032600080F8BC2408F062FC286883E710B590F869
:10327000BC34012B0446006816D0A36A0122934295
:1032800084F8BC2408D002F0B9FF206803F056FC93
:10329000002084F8BC0410BDA3699342F3D0836B73
:1032A00043F480338363EEE7022010BD2DE9F04F35
:1032B000076889B00446384603F08EFC10B109B0A7
:1032C000BDE8F08F0546206803F058FC0028F6D0D2
:1032D000D7F808382068C3F30D23C4F8FC3403F092
:1032E0004DFC10F0020F206807F5006303931EBF2A
:1032F000436903F00203436103F040FC10F0100F38
:10330000206812D0836923F0100383613E6AC6F3FC
:103310004343022B06F00F0800F0BC82062B00F09E
:103320006482836943F01003836103F027FC10F487
:10333000002F206840F0F88103F020FC460300F1E4
:103340005181206803F01AFC0028C0F2C280206876
:1033500003F014FC03057ED4206803F00FFCC004C6
:1033600000F1E180206803F009FC10F4005F2068A0
:1033700040F0C28003F002FC010700F12A812068BE
:1033800003F0FCFB02061DD5BA69636822F08002D7
:10339000012BBA6116D92646012502E00135AB4260
:1033A00010D996F8A322012A06F12406F6D105EBDE
:1033B000C50104EB8101206801F51F7103F0D0FA0B
:1033C0006368EBE7206803F0D9FBC30241D563686B
:1033D000012B20D907F512682646012504E00135A6
:1033E000AB4206F1240616D996F86420D8F80010EE
:1033F000012A08F12008F2D10029F0DA242305F08F
:103400000F0103FB0141206886F863203C3103F083
:10341000A7FA6368E3E72068436903F48013436114
:1034200003F0ACFB860221D4206803F0A7FB400028
:1034300000F1C680206803F0A1FB41077FF53FAF94
:1034400023685D686A0700F146825A682A435A6019
:1034500035E72068E4E7039B9B68DE0700F13782CD
:103460002068436903F40063436176E76668012ED0
:1034700029D907F532622346012103E0B14203F165
:10348000240320D093F8A4021568012801F101015A
:1034900002F12002F2D1002D05F4803CEEDAD4F8DE
:1034A000FC5405F00105AC45E8D183F8A302B869E6
:1034B00040F08000B86178690506DFD4039A53684C
:1034C00043F4007353602068436903F400134361BD
:1034D000ABE7039A536823F00103536094F8F43484
:1034E000012B00F07B81204608F0C4FB2068436973
:1034F00003F0004343612BE703F072FB206802F006
:10350000E7FFE060256800F0ADFE227B014628461B
:1035100002F0FAFD204608F07FFB2068436903F4BF
:103520000053436126E7039A2068536823F00103A0
:103530005360102102F0AAFE6068D8B107F510634D
:103540004FF67F3199601A6822F400121A60C3F8AE
:103550000812D3F8002222F40012C3F80022D3F894
:103560000022013542F000628542C3F8002203F1D7
:103570002003E7D10399226BCB6943F00113CB61A0
:10358000002A40F01F81039A536943F4005343F02B
:103590002B035361136943F00B031361D7F8003811
:1035A000217C206823F4FE63C7F8003804F2C4428B
:1035B00003F028FB2068436903F480534361D2E69B
:1035C000204608F063FB2068436903F080434361B1
:1035D00031E7204608F01CFB2068436903F008032C
:1035E0004361CDE6206803F0D5FA81462068B9F141
:1035F000000F3FF4A7AECDE9047507F51066A046AD
:103600004FF0000A074609E05FEA59090AF1010A8A
:1036100008F1240806F1200600F0FA8019F0010FE5
:10362000F2D05FFA8AFB3846594603F0C5FAC20762
:10363000054612D503980121436B0AF00F0201FAE7
:1036400002F223EA02034363B1602169012900F019
:1036500047815946204608F0D1FA2B0744BF08237A
:10366000B360EF0644BF1023B360680644BF402335
:10367000B360A90700F103812A062768C4D5D8F8EA
:103680005C30D8F85450AB42BED807F51061D8F87A
:103690004800079701EB4A11A5EB030C84458A69A2
:1036A00028BF84461FFA82FE0CF1030CBEEB9C0F70
:1036B000C0F04D81CDF818A08A4621E0D8F84830F6
:1036C000D8F84C109D4228BF1D46237C00935A46D3
:1036D000ABB2384603F08EF9D8F84C30DAF818203F
:1036E0002B44C8F84C30D8F85C3092B22B440335E8
:1036F000B2EB950FC8F85C30C0F02481D8F8545074
:10370000AB42A5EB0305D9D3DDF818A02768079BCA
:103710000AF00F0503F500610122D3F83438AA40FE
:1037200023EA02034B636FE703F02CFA0646206896
:10373000002E3FF401AE049507F53068A3464FF024
:10374000000A254607E076080AF1010A08F1200878
:103750000BF1240B60D0F407F5D55FFA8AF421460B
:1037600003F020FA10F0010F814669D119F0080F1B
:1037700055D119F0100F1CBF1022C8F8082019F0FD
:10378000020F0FD07A69110604D5039B5A6842F4E0
:1037900080625A609BF87F22012A00F0DC800223BD
:1037A000C8F8083019F0200F1CBF2023C8F80830D3
:1037B00019F4005F18BF4FF40053286818BFC8F809
:1037C0000830C0E7039AD2F8843043F00B03C2F804
:1037D0008430536C43F00B035364DFE6002184F81C
:1037E000F414204600F088FA80E6082204F2C4416E
:1037F000384608EBC80803F013F904EB8802C6F357
:103800000A13D2F89C1220680B44C2F89C3288E557
:103810003846059D049F95E52C46049D8CE5296856
:103820000822C8F80820086C01F530626D4902EBE7
:103830004A128842936866D8284608F0CFF998E77C
:10384000286829690122C8F8082000F5306202EBD7
:103850004A120129D0F840E0936866D062498E454B
:1038600000F08180BAF1000F04D1D5F89422002A2B
:1038700000F0AB802146284608F0B6F976E70498B8
:10388000514602F003FD98F83F30012B72D002231D
:10389000B360F1E647F6F0731E423FF442AD08EB29
:1038A000C80804EB8808C6F30A12D8F88C12384608
:1038B000164603F0B5F8D8F88C3220683344C8F8BF
:1038C0008C32D8F89C323344C8F89C3229E5204623
:1038D00008F0B8F9C4E5204608F0DCF92368B4E53F
:1038E000D8E912231344C8F84C30BAF1000F7FF422
:1038F000B0AE636D002B7FF4ACAE206804F2C4421E
:1039000003F080F9A5E6180444BF4FF4004191602C
:10391000284608F063F9296901297FF42AAF28684D
:1039200005F2C44203F06EF923E719072AD52D49A1
:103930008E457FF61BAF18047FF518AF4FF400419A
:10394000916013E7DDF818A0D8F8545027689D421D
:103950003FF65AAEDBE6002221468BF87F2228464E
:1039600008F08CF91BE71904E8D49B0682D52021C6
:1039700091607FE7002388F83F305946204608F0E1
:1039800081F984E7990602D520219160EEE613F0D3
:10399000280F7FF4EBAE13498E4501D91B04CDD41B
:1039A0001169DBF89822C1F31201521ACBF89C225C
:1039B000BAF1000F7FF45EAFD5F8941259B1D5F883
:1039C0008C121144C5F88C1254E705F2C4425146DA
:1039D00003F018F94EE705F2C442012103F012F991
:1039E00048E700BF0A30544F0A31544F90F8BC24C6
:1039F000012A0DD010B504460122006884F8BC24C9
:103A000084F8381003F08AF8002084F8BC0410BD54
:103A10000220704710B501F00F0E0EEBCE0C090618
:103A200004464FEA8C0C24D40CF51F7101440EEBB4
:103A3000CE0004EB80004FF0000C80F87DC2CA601D
:103A40004A7881F800E00B710AB1A1F808E0022B76
:103A500004BF00234B7194F8BC34012B15D0012313
:103A6000206884F8BC3402F03FFD002084F8BC04D8
:103A700010BD0CF13C0101440EEBCE0004EB8000C4
:103A80004FF0010C80F83DC0D9E7022010BD00BF07
:103A900001F00F0301F00F0210B503EBC30304465E
:103AA000090602EBC2004FEA830304EB800015D441
:103AB00003F51F73E1184FF0000C80F87DC20A7007
:103AC00094F8BC34012B14D00123206884F8BC3452
:103AD00002F052FD002084F8BC0410BD3C33E11814
:103AE0004FF0010C80F83DC00A7094F8BC34012BF3
:103AF000EAD1022010BD00BF10B501F00F0404EBA5
:103B0000C40C00EB8C0C2421CCF894320023CCF8AC
:103B10008C228CF87C42CCF89C328CF87D32036984
:103B200001FB0401012B08BFCCF89022006801F5CD
:103B30001F71DAB21CB902F093FE002010BD02F032
:103B40007DFD002010BD00BF01F00F0101EBC101A0
:103B500000EB8100D0F89C02704700BF10B501F067
:103B60000F0404EBC40C00EB8C0C2421CCF8543073
:103B70000023CCF85C300123CCF84C208CF83C407E
:103B80008CF83D30036901FB0401012B08BFCCF820
:103B9000502000683C31DAB21CB902F061FE00200E
:103BA00010BD02F04BFD002010BD00BF38B54368CA
:103BB00001F00F059D4233D80B0604461CD401EBDF
:103BC000C103242202FB010100EB830301F51F71F5
:103BD000002283F87D2201238B700D7094F8BC24A1
:103BE0009A421BD0206884F8BC3402F03DFFCDB16E
:103BF000002084F8BC0438BD05EBC503242101FB7B
:103C0000050100EB830301223C3183F83D200123B1
:103C10008B700D7094F8BC249A42E3D1022038BD19
:103C2000012038BD217C206804F2C44202F0EAFF82
:103C3000DEE700BF38B5436801F00F029A422FD883
:103C4000044602EBC20302EBC20009064FEA8303FB
:103C500004EB800016D403F51F73E118002580F8EB
:103C60007D5200258D700A7094F8BC34012B15D05C
:103C70000123206884F8BC3402F024FF84F8BC548B
:103C8000284638BD3C33E118012580F83D50002519
:103C90008D700A7094F8BC34012BE9D1022038BD34
:103CA000012038BD10B404681204636A29B91A43AC
:103CB000A26200205DF8044B7047A06A013903EB53
:103CC000104C0AD0002303F1400004EB80000133C4
:103CD00040688B420CEB104CF5D1403104EB810471
:103CE00042EA0C02626000205DF8044B704700BF9E
:103CF0000368002059627047704700BF002800F039
:103D0000D8812DE9F0410368DD0782B004462FD544
:103D10009D498A6802F00C02042A00F0EC808A684F
:103D200002F00C02082A00F0E2806368B3F5803FDD
:103D300000F0EB80B3F5A02F00F07381924D2A685C
:103D400022F480322A602A6822F480222A60002B22
:103D500040F0E080FDF720F8064605E0FDF71CF88E
:103D6000801B642800F200812B689F03F6D423682F
:103D70009D0728D5844A916811F00C0F00F09B80B4
:103D8000916801F00C01082900F09180E368002B94
:103D900000F00C817D4B7C4E01221A60FCF7FCFF89
:103DA000054605E0FCF7F8FF401B022800F2DC8026
:103DB00033689F07F6D53368226923F0F80343EA96
:103DC000C203336023681A075CD45D073AD56E4A94
:103DD000136C13F0805340F088800193136C43F010
:103DE00080531364136C03F080530193019B0125EE
:103DF000674E3368D80540F1A780A368012B00F017
:103E0000B780052B00F01D815F4E326F22F001025A
:103E10003267326F22F004023267002B40F0AD802F
:103E2000FCF7BAFF41F28838074605E0FCF7B4FF1B
:103E3000C01B404500F29880336F9B07F6D4002DDD
:103E400040F0F980A369CBB14F4DAA6802F00C0293
:103E5000082A00F0BC80022B4C4B4FF000021A667F
:103E600000F0F980FCF798FF044604E0FCF794FFAB
:103E7000001B022878D82B689B01F7D4002002B0E1
:103E8000BDE8F0816369FBB1404B3F4E0122C3F8AE
:103E9000802EFCF781FF054604E0FCF77DFF401B08
:103EA000022861D8736F9B07F7D523688DE75268A6
:103EB00051023FF56BAF344A1268920738D5E26879
:103EC000012A35D00120DAE7304A2F4EC2F8803E71
:103ED000FCF762FF054604E0FCF75EFF401B02288A
:103EE00042D8736F9F07F7D4DFE7002580E74A6861
:103EF00051027FF51AAF244A126892037FF538AF5A
:103F00006268002A7FF434AFDCE71F4A136843F489
:103F100080331360FCF740FF1B4E054604E0FCF7BE
:103F20003BFF401B64281FD833689B03F7D51EE76F
:103F3000154920690A6822F0F80242EAC0020A60C4
:103F40001A077FF542AF9DE7336843F4807333600F
:103F5000FCF722FF07463368D9053FF54EAFFCF763
:103F60001BFFC01B0228F6D9032002B0BDE8F08178
:103F7000054A136F43F001031367FCF70DFF024F6F
:103F8000064641F288380AE0003802400000474205
:103F900000700040FCF700FF801B4045E4D83B6FF9
:103FA0009A07F7D5002D3FF44DAF44E0424A434E07
:103FB0001360FCF7F1FE054604E0FCF7EDFE401B44
:103FC0000228D1D833689907F7D42368FBE6012B80
:103FD0003FF478AF6B68E26903F4800191427FF4AB
:103FE00071AF226A03F03F0191427FF46BAF616AC7
:103FF00047F6C0721A40B2EB811F7FF463AFA26A2A
:10400000520803F44031013AB1EB024F7FF45AAF4A
:10401000E26A03F07063B3EB026F14BF012000206B
:104020002DE7264B1A6842F480221A601A6842F47F
:1040300080321A606EE7214A136C23F080531364B8
:1040400000E71E4B1A6F42F004021A671A6F42F023
:1040500001021A6791E7FCF79FFE064605E0FCF7B0
:104060009BFE801B02283FF67FAF2B689901F6D498
:10407000D4E90731626A0B4343EA8213D4E90A2187
:10408000520843EA0163013A0B4943EA0243012221
:104090006B600A66FCF780FE084D044605E0FCF7FD
:1040A0007BFE001B02283FF65FAF2B689A01F6D516
:1040B000E4E60120704700BF00004742003802409C
:1040C000164908B58B6803F00C03042B1BD0082B92
:1040D00017D14A684B68496813F4800302F03F0225
:1040E00013D10F48C1F38811A1FB0001FCF796FC26
:1040F0000A4B5B68C3F3014301335B00B0FBF3F091
:1041000008BD074808BD074808BD0648C1F3881127
:104110000023A1FB0001FCF781FCE9E70038024025
:104120000024F400001BB700002800F08780484AF4
:10413000136803F007038B422DE9F0410D46044656
:1041400009D2CBB21370136803F007038B4202D07D
:104150000120BDE8F0812368980714D5590704D5DC
:104160003C498A6842F4E0528A601A0704D539490A
:104170008A6842F460428A603649A0688A6822F000
:10418000F00202438A60DF0721D56268012A57D016
:10419000931E012B2F4B1B684DD99907D8D52D4E57
:1041A000B36823F003031343B360FCF7F5FD41F25A
:1041B0008838074604E0FCF7EFFDC01B404544D8B3
:1041C000B368626803F00C03B3EB820FF3D1204AAB
:1041D000136803F00703AB4206D9EBB21370136800
:1041E00003F00703AB42B3D123685A0706D5194938
:1041F000E0688A6822F4E05202438A601B0707D510
:10420000144A2169936823F4604343EAC10393602D
:10421000FFF756FF0F4A104C92681049C2F3031281
:104220000346A25C0E48D34000680B6006F06AFDAE
:104230000020BDE8F0819801B1D489E701207047E2
:10424000044B1B689E03AAD482E7032081E700BFCA
:10425000003C0240003802408825010898000020F8
:1042600008000020014B1868704700BF980000202C
:10427000044B05499B68054A0868C3F38223D35C55
:10428000D84070470038024098000020802501087F
:10429000044B05499B68054A0868C3F34233D35C65
:1042A000D84070470038024098000020802501085F
:1042B0000E4B0F2202609A6802F0030242609A6875
:1042C00002F0F00282609A6802F4E052C2609B68D9
:1042D000DB0810B403F4E053054C036123685DF878
:1042E000044B03F007030B60704700BF0038024027
:1042F000003C0240F0B5036813F0050F83B004469C
:1043000004D198073BD4002003B0F0BD454B464E86
:1043100000229A66FCF740FD054604E0FCF73CFDF0
:10432000431B022B28D833681B01F7D4D4E90113AF
:104330001B0743EA81133B4AC6F884300123936686
:10434000FCF72AFD384E054604E0FCF725FD431B2B
:10435000022B11D833681F01F7D52368D1E7FCF78A
:104360001BFD41F2883706462B6F9B073CD4FCF7B8
:1043700013FD801BB842F7D9032003B0F0BD2A4BD0
:104380002A4D002201921A6C42F080521A641B6C72
:1043900003F080530193019B2B6843F480732B60DF
:1043A000FCF7FAFC064604E0FCF7F6FC831B022B44
:1043B000E2D82B68D905F7D51B4DE3682A6F12F4B4
:1043C000407203F4407112D08A4210D02B6F154A0C
:1043D0000121C2F8401E23F440730021C2F8401EA0
:1043E0002B672B6FDA07BAD4E36803F44071B1F599
:1043F000407F0BD00C498A6822F4F8128A600A4A7E
:10440000116FC3F30B030B4313677CE70648826805
:1044100023F0704121F4407122F4F8120A438260C3
:10442000EDE700BF00004742003802400070004046
:10443000B0B110B54379044603F0FF0263B12168BF
:10444000022363710B68012043F0040300220B6018
:1044500060711046A26010BD027106F00FFBEEE71E
:1044600001207047036870B5DC6814F0400402D086
:104470000024204670BDDA6842F08002DA6005460A
:10448000FCF78AFC06462B68DB685B06F1D4002C3F
:10449000EFD1FCF781FC831BB3F57A7FF3D90423BA
:1044A0006B770124EFE700BF38B50368DA6822F0C4
:1044B0008002DA609A68920601D5002038BDDA6879
:1044C00022F0A002DA600446FCF766FC0546236889
:1044D000DB689B06F1D4FCF75FFC431BB3F57A7FE6
:1044E000F5D904236377012038BD00BF002840D0F0
:1044F00038B5437F044603F0FF0273B123680220FE
:10450000CA2153226077596220465A62FFF7AAFFF8
:10451000236830B1FF225A6238BD027706F0E0FA14
:10452000ECE799686268256921F4E00121F0400117
:104530009960616998682A430A430243E1689A6076
:1045400019611A69A16842EA01421A612046FFF71F
:10455000ABFF23680028DDD11A6CA16922F4802208
:104560001A641A6C0A4301211A646177FF225A62A5
:1045700038BD0120704700BF2DE9F04182B01E46D2
:1045800014460D460746FCF707FC2644361AFCF78E
:1045900003FC264B1B68C3F3CB3306FB03F38046B7
:1045A00001933A6801E0631C07D1936835EA03037D
:1045B000F9D0002002B0BDE8F081FCF7EDFBA0EBE4
:1045C0000800B04208D2019B002B019B03F1FF338E
:1045D00008BF00260193E4E7D7E900315A68B1F536
:1045E000827F22F0E0025A6013D0BA6AB2F5005F0F
:1045F00007D11A6822F400521A601A6842F4005275
:104600001A600122002387F8512087F850300320D8
:10461000D0E7BA68B2F5004F02D0B2F5806FE4D1AE
:104620001A6822F040021A60DFE700BF98000020FD
:1046300038B513464268B2F5827F044606D00A4672
:104640000121FFF799FF78B9002038BD8268B2F5E3
:10465000004F1BD0B2F5806F0CD00A462046802157
:10466000FFF78AFF0028EFD0636D43F020036365F6
:10467000032038BD05680A46296821F040012960F9
:104680000121FFF779FF0028DED0EDE7006802681E
:1046900022F0400202600A4620468021FFF76CFFAC
:1046A0000028D1D0E0E700BF30B5164B164D1B688F
:1046B000A5FB035C83B04FEA5C5C4FF47A7303FBA9
:1046C0000CF301934368B3F5827F044607D10CE0F5
:1046D000019B2268013B019393681B0602D5019B55
:1046E000002BF5D1002003B030BD13460A468021CF
:1046F000FFF742FF0028F5D0636D43F0200303204D
:104700006365F0E798000020819F5E1600285CD06A
:1047100070B50446406A002847D0002323616361D6
:1047200094F851300022A26203F0FF01002B42D026
:1047300094462168A568A269266A022384F851304C
:104740000B6823F040030B60636805F4044503F431
:1047500082732B43E56805F400652B43256905F05A
:1047600002052B43656905F001052B43E56906F059
:10477000800E02F4007605F0380533432B43120C0B
:1047800000F0100043EA0E0302F0040243EA0C03B7
:1047900002430B604A60CB69002023F400630122CE
:1047A000CB61606584F8512070BD6368B3F5827F8A
:1047B000B6D0E061B4E7204684F8501006F0D8F98E
:1047C000D4E9090303F4005CB3E70120704700BF9C
:1047D0002DE9F043044690F8500083B001280A9E6A
:1047E00000F083801F46012384F8503089469046AC
:1047F000FCF7D2FA054694F8510063680128C1B26B
:1048000011D0B3F5827F09D002200122002384F861
:10481000512084F8503003B0BDE8F083A268002A2C
:10482000F2D10429F0D1B9F1000F6BD0B8F1000F2B
:1048300068D0002F66D094F85120C4F83880042A3C
:104840001CBF052284F85120002262652264626444
:104850002268E787E7861168A7874906C4F8309081
:10486000A78603D4116841F040011160E168B1F5F9
:10487000006F54D0002B47D0012F45D00127E38E85
:104880009BB21BB9E38F9BB2002B32D02268936896
:1048900099070FD5E38E9BB263B15FB1236B1B7891
:1048A0001373E38E226B013B01329BB222632268B9
:1048B000E3860027936813F001030DD0E18F89B2DE
:1048C00051B11F46A36BD2681A70A36B0133A36367
:1048D000E38F013B9BB2E387FCF75EFA401BB042DB
:1048E000CDD3731CCBD003208FE7022003B0BDE8EB
:1048F000F0832A4631462046FFF7D6FE00284CD0EA
:1049000020236365012080E799F800301373E38E5C
:10491000226B013B01329BB22263E386AEE7002BA0
:1049200047D1494631F8023BD360E38E2163013B16
:104930009BB2E3860127E38E9BB21BB9E38F9BB248
:10494000002BD6D0226893689B070DD5E38E9BB2CF
:1049500053B147B1236B33F8021BD1602363E38E5D
:10496000013B9BB2E3860027936813F001030CD050
:10497000E18F89B249B11F46A36BD26823F8022B9D
:10498000A363E38F013B9BB2E387FCF705FA401B6F
:10499000B042D0D3701CCED0A5E7A368002B7FF423
:1049A00034AF23680190DA6801929B680193019B00
:1049B0002BE7012FBED1B4E7844690F850000128C0
:1049C00058D010B501208CF850009CF85100DCF84C
:1049D000044001285FFA80FE0ED0B4F5827F04D037
:1049E000022000238CF8503010BDDCF808000028AD
:1049F000F6D1BEF1040FF3D1002936D0002A34D00D
:104A00009BB39CF85100CCF8301004281CBF052043
:104A10008CF851000020CCF85400DCF80C0016494A
:104A2000ACF8363000281548ACF83E3018BF0146C7
:104A3000CCF84410DCF80010114C4868ACF8343065
:104A4000ACF83C3040F0E0000E4BCCF8382008BF0A
:104A50002346CCF8403048600B685B0603D40B68F3
:104A600043F040030B600020BBE700238CF850307C
:104A7000012010BD02207047614C0008C94C00089D
:104A8000954C0008014D000838B5044690F85000D8
:104A900001286AD0012084F8500094F8510065681C
:104AA00001285FFA80FC0DD0B5F5827F04D002208A
:104AB000002384F8503038BDA0680028F7D1BCF13D
:104AC000040FF4D1002959D0002A57D0002B55D01B
:104AD00094F85100216304284FF000051CBF052005
:104AE00084F851006565E06CE386E38794F8511023
:104AF000A386A38725646564A2630565204DE38FC3
:104B00000429204918BF29461F4D01641F49C1646B
:104B10001F4918BF2946C16321689BB20C31FCF7BD
:104B200093FF014618BB2268A06C536843F0010351
:104B30005360E38EC1630164C16401659BB2216B64
:104B40000C32FCF781FF90B923681A68520603D42F
:104B50001A6842F040021A605A6842F020025A6015
:104B60005A6842F002025A60A2E7022038BD636D23
:104B7000012243F01003636584F85120012097E778
:104B8000A94B0008994B0008C94D0008394D000891
:104B90005D4D0008704700BF08B5806BFFF7FAFF56
:104BA00008BD00BF704700BF08B5806BFFF7FAFF74
:104BB00008BD00BF704700BF10B5274B274A1B68D0
:104BC000A2FB032382B0642204465B0A02FB03F3C8
:104BD0000093FCF7E1F821684B6823F020030246BC
:104BE0004B6005E0009B013B00938B689B0706D45C
:104BF000009B002BF6D1636D43F0200363656421B5
:104C00002046FFF751FD18B1636D43F02003636543
:104C1000A36833B922680193D36801939368019321
:104C2000019B636D83B994F85130042B4FF001035D
:104C300084F85130204603D008F020FC02B010BDAB
:104C400008F0EEFB02B010BD012384F8513020467D
:104C5000FFF7B0FF02B010BD98000020F1197605F3
:104C6000016B026809781173C28E016B013A92B22E
:104C7000C286C28E013192B201633AB901684A68B4
:104C800022F080024A60C38F9BB203B17047FFF7E6
:104C900093BF00BF0168826B097B1170C28F816B6B
:104CA000013A92B2C287C28F013192B281633AB99E
:104CB00001684A6822F060024A60C38E9BB203B169
:104CC0007047FFF779BF00BF016B10B4046831F87B
:104CD000022BE260C28E0163013A92B2C286C28E9A
:104CE00092B232B9626822F080026260C38F9BB2D6
:104CF00013B15DF8044B70475DF8044BFFF75CBFE0
:104D000010B40468816BE26821F8022BC28F8163C2
:104D1000013A92B2C287C28F92B232B9626822F06F
:104D200040026260C38E9BB213B15DF8044B7047C2
:104D30005DF8044BFFF740BF806B026808B553680D
:104D400023F003035360436D012143F010034365D7
:104D500080F85110FFF72EFF08BD00BF38B505469B
:104D6000846BFCF719F82B681B68DB0517D42368E4
:104D700059680246A06821F020015960B0B1596815
:104D800021F00101596064212046FFF751FC50B920
:104D900001230022E28784F85130636D7BB92046FD
:104DA00008F03EFB38BD20236365F1E76168B1F58B
:104DB000827FE4D1596821F003015960E3E720467E
:104DC000FFF7F8FE38BD00BF38B50546846BFBF72A
:104DD000E3FF2B681B68DB051BD402462068436891
:104DE00023F02003436064212046FFF75DFC18B1E7
:104DF000636D43F02003636521684B68002223F054
:104E0000030301204B60E286E28784F85100636D62
:104E10001BB9204608F032FB38BD2046FFF7CAFE1A
:104E200038BD00BF026810B55168936803F0410CAB
:104E3000BCF1010F84B004465AD0980701D508068A
:104E40005ED413F4B07F51D088064FD558060ED5E6
:104E500094F8510003285DD0606D40F00400606557
:104E600000200090D068009090680090009898060C
:104E70000CD5606D40F001006065002002909068E4
:104E80000290106820F0400010600298D80508D504
:104E9000636D002043F008036365039093680393F8
:104EA000039B636D13B3536823F0E0035360012049
:104EB0008B0784F8510029D05368E06C23F003037A
:104EC000536040B1174B0365FCF744FE18B1636DA6
:104ED00043F040036365A06C40B1124B0365FCF7DF
:104EE00039FE18B1636D43F04003636504B010BD33
:104EF00011F0400FA1D0036C04B0BDE8104018477A
:104F0000636C204604B0BDE8104018472046FFF708
:104F100051FEEBE700230193D3680193936801935B
:104F2000019BE3E7294F000808B5806B0023C38786
:104F3000C386FFF73FFE08BD036A23F00103036247
:104F4000036A70B4446882690D6822F073022A43D0
:104F50008D6823F002032B430E4DA8420AD005F5BD
:104F60008065A84206D049684460826170BC416394
:104F700003627047CD6823F008032B43D1E9056530
:104F800024F4407446EA050C23F004034CEA0404BC
:104F9000E9E700BF00000140036A23F48073036265
:104FA000036A70B44468C2690D6822F073022A4330
:104FB0008D6823F4007343EA05230F4DA8420AD0FD
:104FC00005F58065A84206D049684460C26170BC9E
:104FD000C16303627047CD6823F4006343EA05238D
:104FE000D1E9056524F4405446EA050C23F48063B6
:104FF00044EA0C14E8E700BF00000140036A23F410
:1050000080530362036A30B44468C2690D6822F4B5
:10501000E64242EA05228D6823F4005343EA053351
:10502000094DA8420AD005F58065A84206D0496816
:105030004460C26130BC0164036270474D6924F46E
:10504000804444EA8514F2E70000014090F83D30C6
:10505000012B2FD103681849022280F83D20DA681D
:105060008B4242F00102DA6019D0B3F1804F16D0C2
:10507000124A934213D002F5806293420FD002F598
:10508000806293420BD002F57842934207D002F53A
:105090007052934203D0A2F59432934204D19A689D
:1050A00002F00702062A03D01A6842F001021A60D1
:1050B00000207047012070470000014000040040BC
:1050C000704700BF002939D190F83E30012B3DD107
:1050D000022380F83E30036801F01F01186A0122A4
:1050E0008A4020EA02001862186A264902438B426D
:1050F0001A622DD0244A93422AD0B3F1804F12D0A5
:10510000224A93420FD002F5806293420BD002F5FF
:105110008062934207D002F59A32934203D0A2F5FF
:105120009432934204D19A6802F00702062A03D00F
:105130001A6842F001021A6000207047042910D05A
:10514000082916D090F84130012B06D00120704775
:105150005A6C42F400425A64E5E7022380F8413079
:10516000B9E790F83F30012BF0D1022380F83F30AF
:10517000B1E790F84030012BE8D1022380F84030AD
:10518000A9E700BF00000140000401400004004006
:10519000704700BFFFF796BF90F83C30012B71D0ED
:1051A000024630B40223046882F83D30012082F8C0
:1051B0003C00A36823F47F4323F07703A3600B68CC
:1051C000602B61D024D8402B77D04AD9502B17D1EF
:1051D0004B68C868216A21F00A011943236A23F049
:1051E00001032362A36923F0F00343EA0013A361E0
:1051F0002162A36823F0700343F05703A3600020EB
:105200000121002382F83D1082F83C3030BC704709
:10521000B3F5805FF3D0B3F5005F10D1D1E901534E
:10522000A0682B43CD6820F47F4143EA05230B435C
:10523000A360A36843F48043A3600020E0E7702BE1
:10524000DED1D1E90153A0682B43CD6820F47F4122
:1052500043EA05230B43A360A36843F07703A360ED
:10526000CDE7202B02D009D9302BC9D1A16821F07C
:1052700070010B4343F00703A360C0E733F0100154
:10528000BED1F3E702207047236A4868CD6823F057
:1052900010032362A169236A21F4704123F0A00363
:1052A00043EA001341EA0531A1612362A36823F0B8
:1052B000700343F06703A360A1E74B68C868216AE5
:1052C00021F00A011943236A23F001032362A36931
:1052D00023F0F00343EA0013A3612162A36823F0E3
:1052E000700343F04703A36089E700BF704700BF26
:1052F000704700BF704700BF03681A69910710B577
:10530000044602D5DA6892075FD41A69500702D5BD
:10531000DA68510746D41A69120702D5DA6810070D
:105320002ED41A69D20602D5DA68D00618D41A69C2
:10533000D10702D5DA68D2075DD41A69100602D502
:10534000DA6811065FD41A69520602D5DA68500687
:1053500061D41A69910602D5DA68920643D410BD69
:105360006FF01001082219612277DB6913F4407F86
:10537000204664D0FFF7BCFF002223682277D6E7DF
:105380006FF00801042219612277DB699907204632
:1053900052D1FFF7ABFF204607F048FF00222368F9
:1053A0002277BEE76FF004010222196122779B6920
:1053B00013F4407F20463CD1FFF798FF204607F0CA
:1053C00035FF002223682277A5E76FF00201012252
:1053D000196102779B699B0725D0FFF789FF00229F
:1053E0002368227791E76FF0200220461A61BDE81A
:1053F000104000F04DBA6FF001021A61204605F02E
:1054000021FB236899E76FF080021A61204600F0C3
:1054100041FA236897E76FF040021A612046FFF7D0
:1054200069FF236895E7FFF761FF204607F0FEFE5E
:10543000D5E7FFF75DFFC4E7FFF75AFFAEE7FFF7D9
:1054400055FF204607F0F2FE96E700BF354A036895
:10545000904210B44DD0B0F1804F34D0A2F57C42D0
:10546000904230D002F5806290422CD002F58062EA
:10547000904228D002F5784290423AD002F570521C
:10548000904224D0284A904221D002F58062904276
:105490001DD0A2F59832904219D002F58062904258
:1054A00015D002F58062904211D08C680A68496973
:1054B00023F080030B4303600123C46282625DF822
:1054C000044B436170474A6823F070031343CC6870
:1054D0004A6923F44073234323F0800313438C6809
:1054E0000A6803600123C46282625DF8044B436171
:1054F00070474C68CA6823F07003234323F4407359
:1055000013434A695DF8044B23F08003134303609F
:105510008B68C3620B6883620B6903630123436179
:10552000704700BF000001400044014050B310B577
:1055300090F83D30044603F0FF02F3B12146022308
:1055400084F83D3051F8040BFFF780FF012384F805
:10555000463084F83E3084F83F3084F8403084F898
:10556000413084F8423084F8433084F8443084F881
:10557000453084F83D30002010BD80F83C2005F017
:1055800003FDDBE70120704750B310B590F83D30C4
:10559000044603F0FF02F3B12146022384F83D30B4
:1055A00051F8040BFFF752FF012384F8463084F8CA
:1055B0003E3084F83F3084F8403084F8413084F83D
:1055C000423084F8433084F8443084F8453084F81D
:1055D0003D30002010BD80F83C20FFF771FDDBE777
:1055E0000120704750B310B590F83D30044603F0E9
:1055F000FF02F3B12146022384F83D3051F8040B39
:10560000FFF724FF012384F8463084F83E3084F805
:105610003F3084F8403084F8413084F8423084F8D8
:10562000433084F8443084F8453084F83D3000201D
:1056300010BD80F83C20FFF7ABFDDBE70120704791
:10564000036A23F010030362036A70B4446882693A
:105650000D6822F4E64242EA05228D6823F0200319
:1056600043EA05130E4DA8420AD005F58065A8420D
:1056700006D049684460826170BC816303627047F0
:10568000CD6823F0800343EA0513D1E9056524F4CE
:10569000406446EA050C23F0400344EA8C04E8E742
:1056A0000000014090F83C30012B25D010B5044695
:1056B0000C2A08D8DFE802F01407070718070707C5
:1056C0001C0707070C00002384F83C30012010BDA4
:1056D0000068FFF793FC002384F83C30002010BDE5
:1056E0000068FFF729FCF6E70068FFF7A9FFF2E77B
:1056F0000068FFF751FCEEE70220704738B590F8DC
:105700003C30012B57D0012304460D4680F83C3035
:105710000C2A08D8DFE802F01E0707072E07070744
:105720003F0707070C000120002384F83C3038BDF8
:105730000068FFF763FCC3692A6943F40063C3612F
:10574000C36923F48063C361C36943EA0223C3616D
:105750000020E9E70068FFF7EFFB83692A6943F05F
:1057600008038361836923F004038361836913431E
:105770008361EDE70068FFF763FF83692A6943F4FB
:1057800000638361836923F480638361836943EAEF
:1057900002238361DCE70068FFF7FEFBC3692A6927
:1057A00043F00803C361C36923F00403C361C36901
:1057B0001343C361CCE7022038BD00BF90F83C2002
:1057C000012A37D003460268022030B483F83D0036
:1057D00050680D68946820F07000284350601648A7
:1057E00082421AD0B2F1804F17D0A0F57C4082429D
:1057F00013D000F5806082420FD000F580608242B5
:105800000BD000F57840824207D000F570508242FC
:1058100003D0A0F59430824204D1496824F080047A
:105820000C4394600020012283F83D2083F83C0063
:1058300030BC7047022070470000014090F83C30B7
:10584000012B23D010B4D1E9024323F44073024664
:10585000234348680C6823F48063034323F4006304
:105860000869234323F4805303434869CC6923F434
:105870000053034323F4804310680021234343640F
:1058800082F83C1008465DF8044B704702207047D0
:10589000704700BF704700BF026802F10C0353E875
:1058A000003F23F4907302F10C0C4CE80031002906
:1058B000F3D102F1140353E8003F23F0010302F196
:1058C000140C4CE800310029F3D1036B012B05D0F7
:1058D0002022002380F83E200363704702F10C036E
:1058E00053E8003F23F0100302F10C0C4CE80031A8
:1058F0000029F3D1ECE700BF0268116938B504460E
:10590000C068A36821F44051014320691161034339
:105910006069D1680343E06921F4164121F00C016C
:1059200003430B43D3605369A069234923F44073B5
:1059300003438A42536105D0204B9A4202D0FEF7BE
:1059400097FC01E0FEF7A4FCE2691921B2F5004FD3
:10595000D4E90053A0FB010113D09A009B0FFBF781
:105960005DF8174AA2FB00135B09642101FB1300D9
:1059700000013230A2FB00201B0103EB5013AB608F
:1059800038BDDA184FF000035B41FBF747F80C4ACB
:10599000A2FB00314909642303FB1103DB0032330E
:1059A000A2FB0323C3F342121B0902EB011203F40F
:1059B000F8731344AB6038BD00100140001401407F
:1059C0001F85EB5160B338B590F83D30044603F0C5
:1059D000FF0203B32268242384F83D30D36823F404
:1059E00000532046D360FFF787FF23681A6922F42B
:1059F00090421A615A6922F02A025A61DA68002537
:105A0000202142F40052DA60256484F83D1084F8C5
:105A10003E10284638BD80F83C2005F095FED9E7B9
:105A200001207047704700BF704700BF704700BF3C
:105A300008B5806B0268516990F83D30212B0BD07E
:105A4000526990F83E30222B1ED0036C43F01003B5
:105A5000036407F04BFD08BD0906F1D50023C3849C
:105A600002F10C0353E8003F23F0C00302F10C0CD9
:105A70004CE800310029F3D1202380F83D305269F1
:105A800090F83E30222BE0D15306DED50023C385AB
:105A9000FFF702FFD9E700BF08B5806B0023C3857D
:105AA000C38407F023FD08BD806B08B5036B012B91
:105AB00002D0FFF7BBFF08BD818D490807F0E0FC6D
:105AC00008BD00BF08B50368806B1A6812F48072C5
:105AD0002BD10368C28503F10C0252E8002F22F497
:105AE000807203F10C0C4CE800210029F3D103F182
:105AF000140252E8002F22F0010203F1140C4CE8CA
:105B000000210029F3D103F1140252E8002F22F002
:105B1000400203F1140C4CE800210029F3D12022AB
:105B200080F83E20026B012A05D0036B012B0FD0B9
:105B3000FFF77AFF08BD03F10C0252E8002F22F0B4
:105B4000100203F10C0C4CE800210029F3D1ECE722
:105B5000818D07F095FC08BD90F83E30222B56D180
:105B600083680168826AB3F5805F43D0002B4AD115
:105B70000369002B47D14B68DBB21370826A013294
:105B8000C38D8262013B9BB2C385002B3FD102686B
:105B9000D16821F0200100B5D160D16821F4807175
:105BA000D16051694FF0200C21F00101516180F862
:105BB0003EC0016B012983B02AD1036302F10C03BB
:105BC00053E8003F23F0100302F10C0C4CE80031C5
:105BD0000029F3D11368DB0606D50023019313686F
:105BE000019353680193019B818D07F049FC03B039
:105BF0005DF804FB0369002BBDD14B68C3F30803B8
:105C000022F8023BBCE74B6803F07F03B5E770471F
:105C1000FFF70AFF03B05DF804FB00BF70B505682D
:105C20002B68EE68696913F00F0F82B004462A46AC
:105C30006ED1990602D5B50600F1C280216B01290B
:105C40000BD0180602D5310600F190805B0602D514
:105C5000750600F1AA8002B070BDD806F1D5F10634
:105C6000EFD5002301931368019353680193019BBF
:105C700053695D0640F10581A06B03685B689BB2C8
:105C8000002BE8D0A18D9942E5D9E385C369B3F52E
:105C9000807F36D002F10C0353E8003F23F4807379
:105CA00002F10C0545E800310029F3D102F114039B
:105CB00053E8003F23F0010302F1140545E80031E9
:105CC0000029F3D102F1140353E8003F23F040030D
:105CD00002F1140545E800310029F3D1202384F8AE
:105CE0003E30216302F10C0353E8003F23F0100320
:105CF00002F10C0545E800310029F3D1FBF7E0FE85
:105D0000A18DE38DC91A204689B207F0B9FBA2E73D
:105D100011F001016CD116F4907F8FD0DA070AD50B
:105D2000F00540F1E780226C580742F0010222643E
:105D30004FD5002960D1980764D5190700F19E80DE
:105D4000226C002A87D09A0602D5B30600F1D680CD
:105D50006B69226C03F0400302F0080253EA02066A
:105D6000204656D107F0C2FB266474E794F83D3014
:105D7000212B7FF470AFA168236AB1F5805F00F03A
:105D8000C280591C21621B785360E38C013B9BB29B
:105D9000E384002B7FF45FAFD36823F08003D360EC
:105DA000D36843F04003D36055E7D368202123F044
:105DB0004003D360204684F83D10FFF733FE4AE7E6
:105DC00002B0BDE87040FFF7C7BEF005ABD45A077C
:105DD00012D4980716D50029AFD0226C42F00402E5
:105DE00022641A07ACD5226C42F008022264A7E7AD
:105DF000D807EAD45A073CD5226C980742F0020231
:105E00002264EAD418079BD506F020020A4397D0F3
:105E1000E9E7FFF741FD6B695E0626D505F114033E
:105E200053E8003F23F0400305F1140141E800323C
:105E300062B1226802F1140353E8003F23F04003EB
:105E400002F1140040E800310029F3D1A06B60B1E9
:105E5000324B0365FBF77EFE00283FF4FCAEA06BDF
:105E6000036D02B0BDE870401847204607F03EFBC6
:105E7000F1E69907B1D41A07B5D461E7B206B2D4F6
:105E80005EE7E18DE38DA08D9BB289B2002B3FF4DC
:105E9000E2AE411A89B200293FF4DDAE02F10C03F3
:105EA00053E8003F23F4907302F10C0545E80030FD
:105EB0000028F3D102F1140353E8003F23F001035B
:105EC00002F1140545E800300028F3D1202384F8BE
:105ED0003E30206302F10C0353E8003F23F010032F
:105EE00002F10C0545E800300028F3D1204607F008
:105EF000C7FAB0E65A073FF51EAF6AE72046FFF73C
:105F00002BFE256824E7216900297FF43AAF33F896
:105F1000021BC1F308015160236236E7995A000859
:105F200070B513460025222204460564816280F87C
:105F30003E208385806B1F4E05650A462168C66337
:105F40001D4E06641D4EC66482B00431FBF77CFD15
:105F5000236801951A680192596822690191019993
:105F600084F83C505AB103F10C0252E8002F42F47D
:105F7000807203F10C0040E800210029F3D103F105
:105F8000140252E8002F42F0010203F1140040E82D
:105F900000210029F3D103F1140252E8002F42F04E
:105FA000400203F1140141E800200028F3D102B0BF
:105FB00070BD00BFC55A0008A95A0008315A000830
:105FC00090F83EC0BCF1200F15D1C9B130B583B0F7
:105FD00072B190F83C30012B04460ED0012380F8BA
:105FE0003C300363FFF79CFF18B9236B012B09D0EA
:105FF000012003B030BD02207047022003B030BD45
:10600000012070472268019013680193536801933F
:10601000019B02F10C0353E8003F43F0100302F12F
:106020000C0444E800310029F3D1E2E782B00023F8
:10603000124A019302E00369002B08DB019B013344
:106040000193019B9342F6D9032002B070470023CD
:1060500001930369094A43F00103036103E0036903
:1060600013F0010306D0019B01330193019B93427E
:10607000F5D9E9E7184602B0704700BF400D0300AC
:1060800084B010B50DF10C0C8CE80E00089B012BB0
:10609000044622D1836B0F9A23F480338363C36851
:1060A00023F4840323F04003C360C368012A23F46C
:1060B0004013C36023D02046FFF7B8FF069B012B97
:1060C00007D1A36843F00603A360A36843F020034D
:1060D000A360BDE8104004B07047C36843F04003BC
:1060E000C360FFF7A3FF0C9B23B9A36B43F480337A
:1060F000A363E3E7A36B23F48033A363DEE7C36802
:1061000043F48013C360D6E7022A03460AD04FF453
:106110001051DA6822F47052DA60DA680A4300201B
:10612000DA607047264A27480A44824232D9264A12
:1061300026480A44824230D92548A1F57402A2F5C6
:10614000105282422CD92348A1F18372A2F5E74272
:10615000824228D3204A21480A44824226D9204A32
:1061600020480A44824224D31F4A20480A448242DB
:10617000CDD31F48A1F1B772A2F5585282421BD36A
:106180001C4A1D480A4482422CBF4FF4C0514FF4B0
:10619000E051BEE74FF47051BBE74FF46051B8E7F0
:1061A0004FF45051B5E74FF44051B2E74FF430513E
:1061B000AFE74FF42051ACE74FF40051A9E700BF1F
:1061C000405327FFFF340C00401E1BFF3F420F00CF
:1061D0007F4F120020D6130060B6E5FE5FE3160085
:1061E00000D3CEFE40771B00C05BB3FEC091210000
:1061F00020753800E05459FEE09C41000346002021
:106200009A6842F001029A60704700BF034600207E
:106210009A6822F001029A60704700BF38B5C368DF
:10622000012923F0C0430546C36018D0A9B9C3684B
:1062300043F080430C46C36001E0322C0DD00120B6
:10624000FAF7B0FD6B69DB0704F10104F5D4A4F1A2
:106250003200B0FA80F0400938BD012038BDC36873
:1062600043F000530024C36001E0322CF5D001203C
:10627000FAF798FD6B69DA0704F10104F5D5A4F18A
:106280003200B0FA80F04009E6E700BF82B0002398
:10629000124A019302E00369002B08DB019B0133E2
:1062A0000193019B9342F6D9032002B07047890104
:1062B000002341F020010193084A016103E00369D2
:1062C00013F0200306D0019B01330193019B9342FD
:1062D000F5D9E9E7184602B0704700BF400D03004A
:1062E00082B00023114A019302E00369002B08DB0E
:1062F000019B01330193019B9342F6D9032002B025
:106300007047002110230191084A036103E00369EB
:1063100013F0100306D0019B01330193019B9342BC
:10632000F5D9EBE7184602B0704700BF400D0300F7
:1063300084B02DE9F04107AC84E80E00119E0023E3
:106340000D460446194603F1400204EB8202013374
:106350000F2B5160F7D104F50067002E40F09F80AD
:106360007B6843F002037B60A36B43F40013A363D9
:10637000A36B23F40023A363A36B23F48023A36301
:106380000023C4F8003ED4F80038C4F800380C9B51
:10639000012B00F08D80D4F8003843F00303C4F8DB
:1063A000003810212046FFF771FF80462046FFF796
:1063B00097FF48EA000E5FFA8EFE0022BEF1000E43
:1063C0003A6118BF4FF0010E7A61FA61FDB1D4F85D
:1063D0000019002904F5106314DB002119604FF047
:1063E000000C4FF67F3001329542C3F810C0986020
:1063F00003F1200331D019680029EEDA4FF0904103
:106400001960F0E74FF00061C4F80019E7E73B6955
:1064100023F480733B6100220A9BA2616FF08042EB
:1064200062611BB9A36943F01003A361A269274B02
:1064300013430D9AA3611AB1A36943F00803A36142
:10644000012E05D1A36943F0804343F00403A36107
:106450007046BDE8F04104B07047D4F8002B002A24
:1064600004F5306315DB0022002119604FF0000CA9
:106470004FF67F3001329542C3F810C0986003F1A7
:106480002003C4D019680029EEDA4FF0904119605A
:10649000F0E74FF00062C4F8002B0022E6E7A36BA0
:1064A00023F40013A363A36B43F40023A36367E700
:1064B000099B23B9D4F80038C4F8003871E7D4F840
:1064C000003843F00103C4F800386AE700383C8024
:1064D000D0F8083813F0060004D013F0020F14BFF0
:1064E00002200F20704700BF10B50A78012302F088
:1064F0000F0E03FA0EF391F801E0BEF1010F00F563
:10650000006C00EB42101AD0DCF81C2042EA034376
:10651000CCF81C30D0F8003B1B040ED4CB68D0F86C
:10652000004B0A79C3F30A03234343EA824343F04F
:10653000805343F40043C0F8003B002010BDDCF85A
:106540001C402343CCF81C30D0F800391C04F4D490
:10655000CB68D0F800490979C3F30A03234343EA1F
:10656000814343EA825343F0805343F40043C0F82D
:106570000039002010BD00BF10B40A784978012905
:1065800000EB42132CD0D3F8001B00291BDBD0F802
:106590003C484FF4803102F00F0201FA02F224EA83
:1065A0000204C0F83C48D0F81C48224924EA020200
:1065B000C0F81C28D3F8002B5DF8044B11400020D4
:1065C000C3F8001B7047D3F8001B41F00061C3F80B
:1065D000001BD3F8001B41F08041C3F8001BD6E735
:1065E000D3F8001900290BDAD3F8001941F0006143
:1065F000C3F80019D3F8001941F08041C3F800191D
:10660000D0F83C1802F00F040122A24021EA020156
:10661000C0F83C18D0F81C48074924EA0202C0F828
:106620001C28D3F800295DF8044B11400020C3F862
:10663000001970470078F3EF007833EC2DE9F0474C
:106640004E7891F800E08C6991F804C0012E00EBBF
:106650004E1358D0D3F8105BED0CED04C3F8105B6B
:10666000D3F8105B25F0FF5525F4C015C3F8105B77
:1066700003F5306ECD688CB3784E2C44013CB4FBEE
:10668000F5F4A4B204FB05F506EAC444DEF8106094
:10669000CD613443CEF81040DEF81040C5F312054A
:1066A0002543012ACEF8105027D0BCF1010F0CD1A0
:1066B000D0F8082812F4807FD3F8002B0CBF42F0EA
:1066C000005242F08052C3F8002BD3F8002B42F066
:1066D0000442C3F8002B0020BDE8F087DEF810402C
:1066E000C5F312052543CEF81050DEF81040012AFC
:1066F00044F40024CEF81040D7D10A69002AD4D03F
:10670000CEF81420D1E703F51065002C39D12E699D
:1067100026F0FF5626F4C0162E612E6946F4002698
:106720002E612E69F60CF604012A2E6170D0D3F882
:106730000059BCF1010F45F00445C3F80059CAD116
:10674000D0F8085815F4807FD3F800590CBF45F0F5
:10675000005545F08055C3F80059002ABBD1A4B2BA
:106760000334A408B7D00B6900EB0E3E0EF5805E33
:1067700003EB840153F8042BCEF800209942F9D1A1
:10678000A9E72F69D1F80CA0FF0CFF042F612F6936
:1067900027F0FF5727F4C0172F61304FD5F810901E
:1067A0000AEB040808F1FF38B8FBFAF807EAC84713
:1067B00047EA09072F61D5F81080C4F3120747EAAA
:1067C0000807BCF1010F2F6111D0012A40D0D3F886
:1067D000002942F00442C3F80029D0F834380EF002
:1067E0000F0E06FA0EF61E43C0F8346873E72E69E2
:1067F00026F0C0462E612E69012A46F000562E6111
:1068000015D0D3F8005945F00445C3F8005997E76F
:106810004A6902B16A61BCF1010F0BD0D3F80029BB
:1068200042F00442C3F800290020BDE8F0874A691D
:1068300002B16A61D0F8082812F4807FD3F80029E9
:106840000CBF42F0005242F08052C3F80029E5E745
:106850004A69002AE2D06A61E0E700BF0000F81F41
:1068600030B54C7891F800E08D69012C00EB4E1C9E
:106870002AD0DCF8100BC00CC004CCF8100BDCF8EC
:10688000100B20F0FF5020F4C0100CF5306318619D
:10689000C86805B188611C69C86144F400241C61A2
:1068A0001C69C0F312002043012A186107D0DCF8EC
:1068B000003B43F00443CCF8003B002030BD0A69A4
:1068C000002AF4D05A61F2E70CF510631C696DB32D
:1068D000E40CE4041C611C6924F0FF5424F4C0148B
:1068E0001C61CC68AC423CBF8C6125461C6944F4F9
:1068F00000241C611C69C5F312052543012A1D6192
:1069000023D0DCF800398A6943F00443CCF800391D
:10691000002AD2D0D0F834180EF00F03012202FA68
:1069200003F30B43C0F83438002030BD24F0FF548B
:1069300024F4C0141C611C6944F400241C611C690B
:10694000E40CE404012A1C61DBD14A6902B15A61FA
:10695000DCF8003943F00443CCF80039002030BDA6
:1069600010B44A780B7883B00021012A01914FEAD4
:10697000431323D000F53060C218C158002904DB4E
:10698000002003B05DF8044B7047C45844F0006425
:10699000C450C45844F08044C45042F2107102E024
:1069A0001368002BECDA019B01330193019B8B42AE
:1069B000F6D9012003B05DF8044B704700F5106074
:1069C000C218C1580029DBDAC45844F00064C4502E
:1069D000C45844F08044C45042F2107102E013687D
:1069E000002BCDDA019B01330193019B8B42F6D939
:1069F000DFE700BF10B49DF8044064B903339B087F
:106A000009D0013200EB023001EB830351F8042B73
:106A100002608B42FAD100205DF8044B704700BF42
:106A200070B55FEA920E054602F003061AD000F533
:106A300080548C460023013322684CF8042B9E4579
:106A4000F9D101EB8E0066B105F580550644296841
:106A5000002321FA03F200F8012BB04203F10803EE
:106A6000F7D170BD0846EEE74A780B78012A00EBB3
:106A700043100CD0D0F8002B002A00DBD3B9D0F89B
:106A8000003B43F40013C0F8003B00207047D0F8EF
:106A90000029002A06DB2BB1D0F8003923F080430F
:106AA000C0F80039D0F8003943F40013C0F80039B9
:106AB00000207047D0F8003B23F08043C0F8003B33
:106AC000DDE700BF0B794A7891F800C0023B012A4C
:106AD00000EB4C10DBB211D0D0F8002B012B22F4CC
:106AE0000012C0F8002B01D900207047D0F8003BFD
:106AF00043F08053C0F8003B00207047D0F80029D5
:106B0000012B22F40012C0F80029EDD8D0F800398A
:106B100043F08053C0F8003900207047D0F80038A7
:106B200023F4FE63C0F80038D0F80038090101F4FE
:106B3000FE611943C0F8001800207047D0F8002EFD
:106B4000034622F00302C3F8002ED3F8043800F500
:106B5000006123F0020300204B607047D0F8002E44
:106B6000034622F00302C3F8002ED3F8043800F5E0
:106B7000006143F0020300204B6070474269806966
:106B800010407047D0F8183800F50060C069184010
:106B9000000C7047D0F8183800F50060C069184044
:106BA00080B2704700EB411100F50060D1F8082B6E
:106BB00040691040704700BFD0F81028D0F8343832
:106BC00000EB411001F00F01CB40DB01D0F80809C8
:106BD000DBB2134318407047406900F00100704772
:106BE000D0F80029034622F4FF6222F00702C3F81E
:106BF0000029D3F8043800F5006143F480730020C5
:106C00004B60704730B4056C114CA54200F5306301
:106C100003D9D0F8004B002C16DB00241C611C6942
:106C200044F400241C611C6944F018041C611C69B4
:106C3000012944F0C0441C6106D15A61D0F8003BE0
:106C400043F08023C0F8003B002030BC704700BFF9
:106C50000A30544FD0F8D43200EB830010B5D0F88E
:106C6000C04284B1D0F8C4325BB194F80002FF286E
:106C700007D09B6894F8012221469847FF2384F8A7
:106C80000032002010BD032010BD00BF0A23038086
:106C9000004870478800002070B5822106460F48E2
:106CA00000F094FB012105460C4800F08FFB812188
:106CB00004460A4800F08AFB0DB11022AA711CB1EB
:106CC000002240212171627118B10022402101711E
:106CD000427143230148338070BD00BF0C00002087
:106CE000FFF7DABF70B5822106460F4800F06EFB51
:106CF000012105460C4800F069FB812104460A4841
:106D000000F064FB0DB11022AA711CB10021022217
:106D10002171627118B10021022201714271432375
:106D20000148338070BD00BF0C00002038B5D0F89A
:106D3000D432B03350F8235095B1044605F056F8DC
:106D4000D4F8D432C5F80C0204EB8304D5F804025D
:106D5000D4F8C43205F50371DB689847002038BDCC
:106D6000032038BD70B5D0F8D442D0F8C86200EB2B
:106D7000840EDEF8C05245B301F00F0404EB840C1E
:106D800000EB8C0C0A46DCF818306BB9DEF8C43224
:106D90001B690021C5F8141223B1D5F8080205F5C6
:106DA00004719847002070BD04EBC40406EB840610
:106DB000B46CB3FBF4F604FB1633002BE6D1CCF82D
:106DC00018301A4604F0FAFFECE7032070BD00BF4C
:106DD00070B5D0F8D43200EB830382B0D3F8C06230
:106DE00000228DF80520ADF8062066B191F800C0AC
:106DF0001CF0600204460D461ED0202A06D029460B
:106E0000204600F097FD032002B070BDCA8891F8BB
:106E100001E07AB31CF0800F4CD0D3F8C432314675
:106E20009B6870469847EA88072A314628BF0722A0
:106E3000204600F0B3FD22E04B780B2BDFD801A2F7
:106E400052F823F08D6E00087F6E0008FF6D000879
:106E5000FF6D0008FF6D0008FF6D0008FF6D000862
:106E6000FF6D0008FF6D0008FF6D0008A16E0008AF
:106E7000836E0008D3F8C43270469B6898470020A0
:106E8000C2E790F89C32032BF9D0B8E790F89C3217
:106E9000032BB4D102220DF1060100F07FFDEEE7D5
:106EA00090F89C32032BAAD101220DF1050100F0CC
:106EB00075FDE4E7402A28BF402286F800E286F804
:106EC0000122314600F080FDD9E700BF38B5044605
:106ED0000025812104F02EFF01212587204604F0A2
:106EE00029FFA4F878518221204604F023FFD4F82A
:106EF000D432E56404EB8303D3F8C0228AB1D3F81B
:106F0000C4325B689847D4F8D432B03354F82300C5
:106F100004F074FFD4F8D432B03344F82350C4F8EA
:106F2000BC52002038BD00BFF8B504464FF40770CE
:106F300004F060FF054600285AD04FF40772002184
:106F40000AF048FCD4F8D432B03344F82350237C00
:106F5000C4F8BC52B3B3402302228121204604F07E
:106F6000DBFE0121218740230222204604F0D4FECB
:106F7000012710220823A4F84E2082210322A4F81E
:106F80007871204604F0C8FED4F8D432A4F84C70CE
:106F900004EB83030026D3F8C432C5F804621B68EF
:106FA0009847D5F80422C5F81462C5F8186222B3D0
:106FB000237CBBB94FF400733946204604F00AFF26
:106FC0000020F8BD4FF4007302228121204604F016
:106FD000A3FE012121874FF400730222204604F012
:106FE0009BFEC5E740233946204604F0F3FEE7E761
:106FF000D4F8D432B03344F823000220F8BD00BFE7
:10700000034639B1D0F8D42203EB82030020C3F841
:10701000C412704703207047D0F8D432B03350F810
:1070200023302BB1C3F80812C3F810220020704798
:1070300003207047D0F8D432B03350F823301BB15E
:10704000C3F804120020704703207047D0F8D42200
:10705000B03250F822208AB108B5037CD2F804225D
:107060002BB14023012104F0B5FE002008BD4FF4F0
:107070000073012104F0AEFE002008BD032070471C
:1070800078B10023C0F8B832C0F8C432C0F8D032AA
:1070900009B1C0F8B412012380F89C32027004F0E8
:1070A000FDBD0320704700BF10B582B00023ADF8CE
:1070B000063089B1CB6AC0F8B812044623B10DF18D
:1070C00006009847C4F8D002D4F8D8320020013323
:1070D000C4F8D83202B010BD032002B010BD00BF0A
:1070E00004F00EBED0F8B8320BB11B681847184632
:1070F000704700BF08B5D0F8B8325B6898470028E1
:1071000018BF032008BD00BF38B5044600F2AA2509
:10711000284600F003FC94F8AA12B4F8B022C4F890
:1071200098220123C4F8943201F01F03012B09D0E7
:10713000022B13D063B1204601F08001BDE8384036
:1071400004F004BE29462046BDE8384000F0FEBAEF
:1071500029462046BDE8384000F04EB92946204671
:10716000BDE8384000F02EBB10B5044631B9944656
:10717000D0F89422032A10D0002010BD90F89C3241
:10718000032BF9D1D0F8B8329B69002BF4D0002240
:10719000BDE81040C0F8D42218470B46D0E957127A
:1071A000914208D890F89C22032A0ED0204600F085
:1071B00023FC002010BD891A8A4228BF0A46C0F865
:1071C0005C11614600F010FCD6E7D0F8B8221269D5
:1071D000002AEBD0C0F8D4329047E7E770B50446F8
:1071E00061B91346D0F89422022A16D094F8A0323E
:1071F00013B1002384F8A032002070BD90F89C32B7
:10720000032BF9D1D0F8B8325B69002BF4D00022FF
:10721000BDE87040C0F8D4221847D0E90726B24232
:107220000D4610D81BD094F89C32032B24D080211B
:10723000204604F08BFD204600F0EAFB94F8A032D3
:10724000002BD9D0D5E7921BC261194600F0B4FBE0
:107250002B462A462946204604F0BCFDC6E7836932
:107260009A42E0D8D0F898229342DCD20A4600F045
:10727000A3FBC4F89852EBE7D4F8B832DB68002BD4
:10728000D5D00022C4F8D42220469847CFE700BFCB
:10729000F8B5D0F8B8320021012280F89C220446CB
:1072A0004160C0F89412C0F8A41280F8A0121BB17B
:1072B0005B680BB19847B0B90027002240231D46F8
:1072C00011460126204604F027FDA4F86461C4F8A5
:1072D00060512B4600228021204604F01DFDA6842B
:1072E00025623846F8BD0327E7E700BF0174002098
:1072F000704700BF90F89C2203460421D2B283F865
:107300009D22002083F89C12704700BF90F89C32A9
:10731000042B04D190F89D32DBB280F89C3200201F
:10732000704700BF90F89C22032A01D000207047CC
:1073300008B5D0F8B83213B1DB6903B19847002023
:1073400008BD00BFD0F8D422AE3250F8222062B17E
:1073500008B590F89C32032B01D0002008BD136AB9
:10736000002BFAD09847002008BD0320704700BFCB
:10737000D0F8D422AE3250F8222062B108B590F88D
:107380009C32032B01D0002008BD536A002BFAD099
:107390009847002008BD0320704700BF00207047B9
:1073A000D0F8B822012180F89C1242B108B5526889
:1073B0000179904708B9002008BD032008BD0020CE
:1073C000704700BF00207047002070470278B0F877
:1073D00002C09445134603D80CE09C450AD90278B4
:1073E000104413444278052A9BB2F6D182788A422F
:1073F000F3D170470020704770B50B7803F060033D
:10740000202B82B00D4604460ED0402B0CD0BBB1D1
:107410008021204604F09AFC0021204604F096FCCE
:107420000025284602B070BDD4F8D432AE332946C8
:1074300054F823309B68204602B0BDE870401847DE
:107440004B78092BE4D801A252F823F0AD74000860
:10745000D574000811740008F37400081174000852
:107460000B7500084B750008117400088175000841
:10747000757400088978B44D0129297000F24081A3
:1074800090F89C32022BDEB200F02681032E00F031
:107490000181802104F05AFC0021204604F056FCB2
:1074A00029782046FFF726FE0325BAE790F89C329C
:1074B000013B022BACD8CA88022AA9D1D0F8A43249
:1074C0000146002B0CBF0123032341F80C3F00F0C1
:1074D00065FAA5E790F89C32013B022B98D84B88BF
:1074E000012B9DD10023C4F8A432204600F084FA79
:1074F00096E74B88012BF6D0022B89D18B881B0A8B
:1075000080F8A03200F078FA8AE78B88002B7FF4AD
:107510007FAFCB88002B7FF47BAF4D887F2D3FF66C
:1075200077AF90F89C32032B3FF472AFE9B280F84A
:107530009E1204F037FC204600F05EFA002D00F0A9
:10754000FF80022384F89C326AE74A88130A0021EC
:10755000013BADF80610062B3FF65AAF01A151F8DA
:1075600023F000BF257600080B760008F9750008A7
:107570001174000811740008E3750008A77500086D
:10758000CA88012A7FF444AF90F89C120229CBB23A
:1075900079D8002B3FF43CAF0146002341F8083F67
:1075A00000F0FCF93CE7037C002B7FF431AFD0F80E
:1075B000B8320DF106001B6B984707234370EB8828
:1075C000002B92D0BDF80620002A3FF421AF9A424A
:1075D00028BF1A4601462046ADF8062000F0DEF925
:1075E0001EE7037C002B7FF413AFD0F8B8320DF107
:1075F00006005B6B9847E2E7D2B2052A3FF608AF78
:10760000DFE802F03B352F292318027CD0F8B8328E
:10761000002A40F087809B6A0DF1060098470223FC
:107620004370CCE7D0F8B432007C1B680DF1060142
:107630009847C4E7D0F8B4329B69002B3FF4E8AE1A
:10764000207C0DF106019847B9E7D0F8B4325B69A8
:10765000002BF5D1DCE6D0F8B4321B69002BEFD15A
:10766000D6E6D0F8B432DB68002BE9D1D0E6D0F80A
:10767000B4329B68002BE3D1CAE6D0F8B4325B6821
:10768000002BDDD1C4E6032B7FF4C2AE011D00F058
:1076900085F9C5E600293BD0416801293FF425AFB3
:1076A000C9B2FFF727FD297861602046FFF71AFD70
:1076B000054600283FF419AF8021204604F046FB20
:1076C0000021204604F042FB21792046FFF712FDFD
:1076D000022384F89C32A4E600293FF406AF01217E
:1076E0004160FFF7FFFC054618B38021204604F0F7
:1076F0002DFB0021204604F029FB84F89C6290E6D3
:10770000802104F023FB0021204604F01FFBCBE680
:10771000022380F89C324160FFF7ECFC204600F029
:107720006BF97DE6DB6A0DF1060098470223437092
:1077300045E7204600F060F9032384F89C326FE6A9
:10774000012384F89C326BE6F80D002038B50B78E5
:107750005A060D4604460CD503F06002402A08D0B4
:10776000802104F0F3FA0021204604F0EFFA002013
:1077700038BD94F89C32013B022B02D829790129AB
:1077800008D98021204604F0E1FA0021204604F0C7
:10779000DDFAECE72046FFF715FE88B9D4F8B832D9
:1077A0009B686BB1C4F8D402294620469847EA8802
:1077B000002ADDD10028DBD1204600F01DF9D6E7F4
:1077C000032038BD30B50C468A88237803F0600367
:1077D000202B83B00546D1B21ED0402B1CD06BB3FA
:1077E0008021284604F0B2FA0021284604F0AEFABF
:1077F000002003B030BD90F89C32022BDAB25ED08C
:10780000032AEDD16388002BF2D14B067DD12846A7
:10781000019100F0F1F801992846FFF7D5FD002805
:10782000E6D1D5F8B832C5F8D4029B68002BDFD07A
:107830002146284603B0BDE8304018476378012B45
:10784000D9D0032B2AD0002BCAD190F89C32022B1E
:10785000D8B23DD00328C3D101F00F0303EB83035B
:10786000120605EB830342D4B3F86431002BB7D082
:1078700001F07F03142404FB035404F5AA74002BC5
:1078800041D0284604F07AFA00283CD00123236036
:1078900002222146284600F081F8A9E790F89C32A0
:1078A000022BDAB20BD0032A9AD163881BB948069F
:1078B00001D0E38873B3284600F09EF898E74A06A3
:1078C0008ED004F043FA8021284604F03FFA8FE777
:1078D000480685D111064CBF05F1140105F5AA71C2
:1078E00000230B600222284600F058F880E79B8CAA
:1078F000002B3FF475AF01F07F035C1C04EB8404A4
:1079000005EB8404BBE70023C1E7019104F02AFAE8
:1079100001997CE7284604F019FACCE70B7803704C
:107920004B7843704B8843808B888380CB88C3809F
:10793000704700BF10B58021044604F007FA2046C6
:107940000021BDE8104004F001BA00BF08B370B5D3
:1079500003780E4614460546E3B10130F9F758F9AD
:10796000431CDBB201335B00DAB2238003233270A5
:1079700073702C7864B12846022300215A1CD2B2BD
:10798000F454B15410F8014F0233DBB2002CF5D19E
:1079900070BD704702221346E7E700BF08B51346E3
:1079A0000A460221C0F894128361C361002104F0E9
:1079B00005FA002008BD00BF08B513460A4600219D
:1079C00004F0FCF9002008BD08B513460A4603215F
:1079D000C0F89412C0F85831C0F85C31002104F0AE
:1079E000F9F9002008BD00BF08B513460A4600217A
:1079F00004F0F0F9002008BD08B504210023C0F808
:107A000094121A46194604F0D9F9002008BD00BFA7
:107A100008B505210023C0F894121A46194604F04F
:107A2000D9F9002008BD00BF08B54FF0E0231B695D
:107A300001F0FEFC012800D108BDBDE8084000F0BF
:107A4000E1B900BFEFF305832BB9064B186828B9DD
:107A500001221A6070476FF0050070474FF0FF3049
:107A6000704700BF6C15002010B5EFF3058474B9A2
:107A7000084B1A68012A07D107490222CC771A60FD
:107A800001F074F9204610BD4FF0FF3010BD6FF0CB
:107A9000050010BD6C15002000ED00E0F0B587B0CA
:107AA000002514460595EFF3058212B1002007B0BA
:107AB000F0BD0028FAD004B3A369D3B918236268D3
:107AC000D207F3D465692DB3AA08A668D4F800C01C
:107AD000E7680EB3B72FE9D92469002CE6D0002D52
:107AE000E4D00093CDE901460B46614601F026F84B
:107AF000DDE75D1E372DE2D9D8E7802218230093F9
:107B00000B46214605AC019401F052F80128CDD175
:107B10000598CCE78022D8E7002FC7D12469002C34
:107B2000C4D192B26446EAE710B5EFF3058424B9F4
:107B300030B101F03FFB204610BD6FF0050010BDD5
:107B40006FF0030010BD00BF38B5EFF305846CB9CA
:107B5000054670B101F0C8F8042804D0284601F0A9
:107B600057F8204638BD6FF0020038BD6FF00500B1
:107B700038BD6FF0030038BDEFF305823AB908B5A0
:107B800008B9002008BD01F099FA002008BD6FF087
:107B900005007047044B036010B48023034C0C6055
:107BA0005DF8044B13607047B4140020B412002039
:107BB000054B036010B44FF48073044C0C605DF807
:107BC000044B1360704700BFFC110020FC0D002027
:107BD00000F108034FF0FF310022C0E90131C3601A
:107BE00003610260704700BF00230361704700BF5C
:107BF0004268036810B494680133C1E901246160EC
:107C000091605DF8044B08610360704730B40D6803
:107C10006B1C10D000F108031C465B681A68AA426E
:107C2000FAD902684B60013299608C60616008612A
:107C300030BC0260704704696368F2E7036910B4FE
:107C4000D0E901125C688A608442516008BF5A60C2
:107C50001A685DF8044B0021013A01611A60186846
:107C6000704700BF08480068006880F308884FF03C
:107C7000000080F3148862B661B6BFF34F8FBFF384
:107C80006F8F00DF00BF000008ED00E0DFF80C00A0
:107C9000016841F4700101607047000088ED00E068
:107CA0000E4B1B6882B000220133019208D04FF0C6
:107CB000500383F31188BFF36F8FBFF34F8FFEE73D
:107CC0004FF0500383F31188BFF36F8FBFF34F8FD3
:107CD000019B002BFCD002B0704700BF9400002035
:107CE00010B44FF08073074C40F8043C21F00101C0
:107CF0006FF0020340E9034140E909325DF8044BAB
:107D000044387047A17C000800000000000000001B
:107D1000074B19680868B0E8F04F80F30988BFF393
:107D20006F8F4FF0000080F311887047AFF3008031
:107D3000F06800204FF0500383F31188BFF36F8F7A
:107D4000BFF34F8F0B4A13680133012B136000D030
:107D500070474FF0E023D3F8043DDBB2002BF7D09F
:107D60004FF0500383F31188BFF36F8FBFF34F8F32
:107D7000FEE700BF94000020084A136843B94FF0A3
:107D8000500383F31188BFF36F8FBFF34F8FFEE76C
:107D9000013B13600BB983F31188704794000020F6
:107DA000EFF30980BFF36F8F154B1A681EF0100FA9
:107DB00008BF20ED108A20E9F04F10602DE909007E
:107DC0004FF0500080F31188BFF34F8FBFF36F8FD8
:107DD00001F0A4F94FF0000080F3118809BC196884
:107DE0000868B0E8F04F1EF0100F08BFB0EC108A22
:107DF00080F30988BFF36F8F704700BFAFF3008037
:107E0000F068002008B54FF0500383F31188BFF3EA
:107E10006F8FBFF34F8F01F007F828B14FF0E023C9
:107E20004FF08052C3F8042D002383F3118808BD5E
:107E30004FF0E02200230649136193610B68054966
:107E4000A1FB03139B090720013B5361106170479D
:107E500098000020D34D62104FF0E0233D4AD3F844
:107E6000001D914241D0D3F8002D3B4B9A4233D0B4
:107E700030B53A4B3A4C1A783A4883B0FF21D2B227
:107E8000019219701B78DBB28DF803309DF8033036
:107E90009DF8032003F050030721120623700160B0
:107EA00048BF06220FD59DF803305B00DBB28DF88A
:107EB00003309DF803301B06114602F1FF32F2D465
:107EC00003291BD001604FF0500383F31188BFF3E7
:107ED0006F8FBFF34F8FFEE74FF0500383F311888E
:107EE000BFF36F8FBFF34F8FFEE74FF0500383F365
:107EF0001188BFF36F8FBFF34F8FFEE7019B174AC7
:107F00004FF0E0244FF44071DBB201601370D4F8FD
:107F1000203D43F47003C4F8203DD4F8203D43F0E5
:107F20007043C4F8203DFFF783FF0F4B00251D6011
:107F3000FFF7ACFED4F8343F43F04043C4F8343F7D
:107F4000FFF790FE01F0EAF8FFF7AAFE284603B01B
:107F500030BD00BF71C20F4170C20F4100E400E0AC
:107F6000741500207015002094000020EFF30583A5
:107F70000F2B0ED91149124A5B5C12789A4208D92C
:107F80004FF0500383F31188BFF36F8FBFF34F8F10
:107F9000FEE74FF0E0230B4AD3F80C3D126803F4E0
:107FA000E063934208D94FF0500383F31188BFF385
:107FB0006F8FBFF34F8FFEE7704700BFF0E300E025
:107FC000741500207015002030B4124B1A461B683F
:107FD0008342FBD35468416802EB040C604508D02F
:107FE0004418A3420BD00360824218BF106030BC1B
:107FF00070472144501883425160F8D11046064C16
:108000002468A34203D0D3E90045294441600460B9
:10801000EAE700BF901500208C1500202DE9F843F9
:10802000404E044600F0F2FE3368002B5CD03E4B1D
:108030001D682C422ED16CB304F1080160071CBFEF
:1080400021F00701083129B3DFF8F480D8F8007077
:108050008F421FD33548046803E0236823B12046CC
:108060001C4662688A42F8D33368A34212D0531A7E
:108070002668D0F800900660102B16D960184207C9
:108080000ED04FF0500383F31188BFF36F8FBFF30F
:108090004F8FFEE701F002F800263046BDE8F88376
:1080A00043606160FFF790FF6268214B1968BF1A57
:1080B0008F42204938BF1F602A430023C4E90032A1
:1080C0000B68C8F80070013309F108060B6000F076
:1080D000E5FF7307E1D04FF0500383F31188BFF33E
:1080E0006F8FBFF34F8FFEE7134B144A10490E4FAB
:1080F0005D0718BF07330D4D22F0070218BF23F0AC
:1081000007032B601846D31A0B600D4932600B60D1
:10811000002169604FF00045C2E900113D60C0E9EF
:10812000002386E78C15002078150020901500208C
:10813000841500208015002098150020B0630020D1
:1081400088150020D0B11C4A50F8043C1268134234
:108150000BD050F8081C91B14FF0500383F31188F5
:10816000BFF36F8FBFF34F8FFEE74FF0500383F3E2
:108170001188BFF36F8FBFF34F8FFEE7704700B5D5
:1081800023EA020383B040F8043C019000F03EFE75
:108190000A4A0198116850F8043C08380B441360EF
:1081A000FFF712FF064A13680133136003B05DF84E
:1081B00004EB00F073BF00BF781500208815002085
:1081C0007C150020036C70B5856B04462BB90668DE
:1081D00001355EB31846A56370BD164682B91A46CE
:1081E000406809F0D5FB6368216CA2680B44934298
:1081F000636024BF2368636001350020A56370BD00
:108200001A46C06809F0C4FB226CE36851429B1A0D
:108210002268E360934202D2A3680B44E360022E1B
:10822000EAD1012D38BF01250020D4E7806801F094
:108230000FF9A660CFE700BF70B50546FFF77AFDDE
:1082400095F845305CB2002C14DD05F1240603E0FE
:10825000631EDAB25CB26AB16B6A304653B101F0A8
:108260004FF80028F4D001F0DDF8631EDAB25CB2FA
:10827000002AF1D1FF2385F84530FFF77DFDFFF798
:1082800059FD95F844305CB2002C14DD05F1100660
:1082900003E0631EDAB25CB26AB12B69304653B1B7
:1082A00001F02EF80028F4D001F0BCF8631EDAB219
:1082B0005CB2002AF1D1FF2385F84430BDE870405C
:1082C000FFF75ABD38B5E0B104460D46FFF732FD61
:1082D000D4E90F232168616003FB02F2D31A0A4438
:1082E000A2600022A2630B44FF2284F84420E360D2
:1082F00084F8452075B92369C3B9FFF73DFD012016
:1083000038BD4FF0500383F31188BFF36F8FBFF375
:108310004F8FFEE704F11000FFF75AFC04F1240030
:10832000FFF756FCFFF728FD012038BD04F11000CF
:1083300000F0E6FF0028E0D04FF0E0234FF080523D
:10834000C3F8042DBFF34F8FBFF36F8FD5E700BF86
:1083500030B585B09DF8204040B94FF0500383F30D
:108360001188BFF36F8FBFF34F8FFEE77BB18AB3E6
:10837000B1B150250395039D502D1AD04FF05003F5
:1083800083F31188BFF36F8FBFF34F8FFEE74FF07A
:10839000500383F31188BFF36F8FBFF34F8FFEE756
:1083A0004FF0500383F31188BFF36F8FBFF34F8FEC
:1083B000FEE7039D1A60C3E90F01012183F846100F
:1083C00018460193FFF77EFF019B184683F84C4047
:1083D00005B030BD39B950220392039A502ACDD14D
:1083E000039A1A46E6E74FF0500383F31188BFF370
:1083F0006F8FBFF34F8FFEE7F0B585B00192002875
:1084000042D00E461D46044691B3022D0BD1E36BBC
:10841000012B08D04FF0500383F31188BFF36F8F07
:10842000BFF34F8FFEE701F003F8002835D0FFF7C8
:1084300081FCA26BE36B9A4201D3022D39D12A460B
:1084400031462046FFF7BEFE636A002B40F0928063
:1084500048B14FF0E0234FF08052C3F8042DBFF332
:108460004F8FBFF36F8FFFF787FC012005B0F0BD82
:10847000036C002BC9D04FF0500383F31188BFF376
:108480006F8FBFF34F8FFEE74FF0500383F31188D8
:10849000BFF36F8FBFF34F8FFEE7019B002BC6D05A
:1084A0004FF0500383F31188BFF36F8FBFF34F8FEB
:1084B000FEE7002007460DE0FFF75EFC2046FFF7D1
:1084C000BBFE00F0EBFDFFF735FCA26BE36B9A42BD
:1084D000B5D30120019A002A42D0B0B3FFF74CFC7B
:1084E00000F094FCFFF726FC94F84430FF2B08BF03
:1084F00084F8447094F84520FF2A08BF84F845703A
:10850000FFF73AFC01A902A800F04AFF60BBFFF7A1
:1085100011FCA26BE36B9A42CED1FFF72DFC0199BF
:1085200004F1100000F0B4FE2046FFF785FE00F0D5
:10853000B5FD70B94FF0E0234FF08052C3F8042D21
:10854000BFF34F8FBFF36F8FBDE702A800F01CFF92
:10855000C4E7FFF7EFFBA36BE26B9A42B9D96EE772
:10856000FFF70AFC002081E72046FFF765FE00F0D8
:1085700095FDF7E704F1240000F0C2FE00283FF467
:1085800072AF66E7002848D02DE9F0410E46174645
:108590001D46044621B3022D0BD1E36B012B08D0FD
:1085A0004FF0500383F31188BFF36F8FBFF34F8FEA
:1085B000FEE7FFF7DBFCEFF311884FF0500383F386
:1085C0001188BFF36F8FBFF34F8FA26BE36B9A429B
:1085D00012D3022D10D0002088F31188BDE8F0815D
:1085E000036C002BD7D04FF0500383F31188BFF3F7
:1085F0006F8FBFF34F8FFEE72A4694F84550A36B69
:1086000031466DB22046FFF7DDFD6B1C0ED06B1CB2
:108610005BB284F845300120DEE74FF0500383F36E
:108620001188BFF36F8FBFF34F8FFEE7636A002B94
:10863000F1D004F1240000F063FE0028EBD0002FFD
:10864000E9D001233B60E6E7F0B585B00192002850
:1086500000F09D800E460446002941D000F0E8FE5F
:10866000002849D0FFF766FBA56B002D61D1019B67
:108670008BB302A800F088FE2F46FFF77DFB00F0C9
:10868000C5FBFFF757FB94F84430FF2B08BF84F875
:10869000447094F84530FF2B08BF84F84570FFF70D
:1086A0006BFB01A902A800F07BFE002830D1FFF788
:1086B00041FBA36B002B51D0FFF75EFB2046FFF779
:1086C000BBFD00F0EBFCFFF735FBA56B002D30D1B7
:1086D000019B002BD1D1FFF74FFB002005B0F0BD6F
:1086E000036C002BBAD04FF0500383F31188BFF313
:1086F0006F8FBFF34F8FFEE7019B002BB2D04FF07F
:10870000500383F31188BFF36F8FBFF34F8FFEE7E2
:108710002046FFF791FD00F0C1FCFFF70BFBA36BB8
:10872000002BD8D0FFF728FBFFF704FBA56B002D2B
:10873000CED0226C52B1E168A36811449942E16045
:1087400024BF2168E160304609F022F9013DA563AC
:1087500023692BBBFFF710FB0120BFE7FFF70CFBE2
:10876000019904F1240000F093FD2046FFF764FD19
:1087700000F094FC0028D7D14FF0E0234FF0805256
:10878000C3F8042DBFF34F8FBFF36F8FCCE74FF0CB
:10879000500383F31188BFF36F8FBFF34F8FFEE752
:1087A00004F1100000F0ACFD0028D3D04FF0E0231E
:1087B0004FF08052C3F8042DBFF34F8FBFF36F8F7C
:1087C000C8E700BF10B40A4A002352F8334002EB56
:1087D000C30C2CB10133082BF7D15DF8044B704763
:1087E00042F833105DF8044BCCF80400704700BF2A
:1087F000B863002070B504460E461546FFF79AFA96
:1088000094F84430FF2B04BF002384F8443094F8DC
:108810004530FF2B04BF002384F84530FFF7ACFA46
:10882000A36B23B12046BDE87040FFF705BD04F1FE
:1088300024002A46314600F045FD2046BDE8704040
:10884000FFF7FABC2DE9F8430546FFF773FA344AFF
:10885000344E1368013313603368002B31D0324C2F
:10886000E86A236833B3314F314A32491368013320
:1088700013606B650B68834238BF086000EB8000B3
:1088800007EB8000291DFFF7B3F9FFF775FA23689E
:1088900073B13268EB6AD26A9A4209D24FF0E02390
:1088A0004FF08052C3F8042DBFF34F8FBFF36F8F8B
:1088B000BDE8F88333681D4FDB6A834298BF35609B
:1088C000D2E735601368012B03D0E86A174F164CC6
:1088D000CAE7164F3C4607F58C6820461434FFF76C
:1088E00077F9A045F9D1DFF86490DFF864800E4C89
:1088F0004846FFF76DF94046FFF76AF90E48FFF763
:1089000067F90E48FFF764F90D48FFF761F90D4B61
:10891000E86AC3F800900C4BC3F80080A4E700BFDE
:108920001C640020F0680020106400209064002087
:1089300000640020146400204C640020386400208F
:108940002064002064640020606400207C640020B7
:1089500068640020F8B5164B164E1C68336805464F
:10896000181D0F46FFF76AF96B1C17D0336864199E
:108970005C6007D3104B18683168BDE8F8400431DB
:10898000FFF744B90D4B186831680431FFF73EF921
:108990000B4B1A68A24288BF1C60F8BD002FE5D0BF
:1089A00031680848BDE8F8400431FFF721B900BF3D
:1089B00018640020F06800206064002064640020D7
:1089C000FC6300202064002010B50446643008F0E9
:1089D00039FF94F8B53063B1012B13D0022B10D0BE
:1089E0004FF0500383F31188BFF36F8FBFF34F8FA6
:1089F000FEE7206BFFF7A6FB2046BDE81040FFF71F
:108A0000A1BB10BD2046BDE81040FFF79BBB00BFD7
:108A100080B5154C154E164DDFF858A04FF0E029E3
:108A20004FF0805811E0FFF785F9F368DF68381DD3
:108A3000FFF704F92B68013B2B602368013B23609F
:108A4000FFF79AF93846FFF7BFFF2368002BEAD1FA
:108A5000DAF80030012BF8D9C9F8048DBFF34F8F35
:108A6000BFF36F8FF1E700BF34640020386400204B
:108A70001C640020906400202DE9F0470A9CDDF87A
:108A8000248095002A4606468946206BA5211F466C
:108A900008F0A0FE236B043D1D4425F00705B9F145
:108AA000000F46D009F1FF3C09F11F0104F1330327
:108AB00001E08C4505D01CF8012F03F8012F002A96
:108AC000F7D1002384F85330089B372B28BF372376
:108AD0004FF0000AE362E365201DC4F860A09946E8
:108AE000FFF782F804F11800FFF77EF8C9F13803A8
:108AF000A361C4F8B0A051464C222461646284F89A
:108B0000B4A004F1640008F065FE0B4BA366284690
:108B100003F16805D0333A463146E5662367FFF72F
:108B2000DFF82060B8F1000F01D0C8F80040BDE8C0
:108B3000F08784F83490C7E74498002030B587B0B8
:108B40000B9CC4B10C9D6DB1B8250595059DB82D44
:108B50001AD04FF0500383F31188BFF36F8FBFF328
:108B60004F8FFEE74FF0500383F31188BFF36F8FF1
:108B7000BFF34F8FFEE74FF0500383F31188BFF32D
:108B80006F8FBFF34F8FFEE70C9D2C63022485F897
:108B9000B54004ACCDE901450A9C0094059CFFF763
:108BA0006BFF0C98FFF74EFE049807B030BD00BF76
:108BB0002DE9F043074685B0900015468846994652
:108BC000FFF72CFAF0B10446B820FFF727FA064663
:108BD000A8B10463002486F8B5400D9C01940C9C58
:108BE00002964B462A46414638460094FFF744FF1A
:108BF0003046FFF727FE012005B0BDE8F083204690
:108C0000FFF7A0FA4FF0FF3005B0BDE8F08300BFDA
:108C100070B504462B4DFFF78DF8002C38D0261D7B
:108C20003046FFF70BF8A36A1BB104F11800FFF7F9
:108C300005F8254A1368013313602B68A3421ED040
:108C4000224A13682046013B1360FFF7BDFE204B0C
:108C50001A68126872B11A681E4BD268D2685268DC
:108C60001A60FFF789F81C4B1B6813B12B68A342ED
:108C700010D070BD174B4FF0FF321A60F1E7174864
:108C80003146FEF7B5FF164A136801331360E8E773
:108C90002C68C4E7134B1B6843B14FF0500383F3B8
:108CA0001188BFF36F8FBFF34F8FFEE74FF0E023C4
:108CB0004FF08052C3F8042DBFF34F8FBFF36F8F77
:108CC00070BD00BFF0680020006400201C6400201C
:108CD00064640020FC6300201064002038640020DD
:108CE00034640020F8630020F8B5F0B11A4B1B681B
:108CF0008342044617D0FFF71DF8184B65691E68BC
:108D0000174B1F68FFF738F8B54219D0BD4217D08E
:108D1000144B9D4212D0144B9D421AD0002D14BF0B
:108D200001200420F8BD0020F8BD4FF0500383F36C
:108D30001188BFF36F8FBFF34F8FFEE7A36A0BB1AC
:108D40000220F8BD94F8B430012B14BF0320022098
:108D5000F8BD0420F8BD00BFF06800206464002066
:108D600060640020206400203864002030B589B0A1
:108D7000002407AA06A905A8CDE90544FEF70AFFC5
:108D8000DDE90503079A1A490094CDE90130194835
:108D90002346FFF7D3FE70B100F0D4FB01280CD0BE
:108DA000013008D14FF0500383F31188BFF36F8F68
:108DB000BFF34F8FFEE709B030BD4FF0500383F390
:108DC0001188BFF36F8FBFF34F8F0B4B0B4A1B689C
:108DD0000B49643313600B4A0B4B4FF0FF350D60AA
:108DE00010601C6009B0BDE83040FFF735B800BF27
:108DF00010240108118A0008F0680020680D002086
:108E0000FC6300201064002018640020024A1368EC
:108E100001331360704700BFF8630020014B1868EE
:108E2000704700BF186400202DE9F04F4C4B1B68C1
:108E300083B0002B45D14B4B1E6801361E60002EBF
:108E400048D0494B0193019B1B689E424FD3474F2B
:108E5000DFF82C913B68DFF82CA11D68002D72D043
:108E6000DFF82481002520E0FEF7E8FEA36A04F184
:108E700018000BB1FEF7E2FEE06AD8F80030984225
:108E800088BFC8F8000000EB8000594609EB80005D
:108E9000FEF7AEFEDAF80030E26ADB6A9A4228BFDB
:108EA00001253B681B68002B4DD03B68DB68DC6804
:108EB000636804F1040B9E425846D5D2019A1360B0
:108EC0001AE02B4A1368002501332846136003B0CB
:108ED000BDE8F08F254B1A6812680AB34FF05003B3
:108EE00083F31188BFF36F8FBFF34F8FFEE7DFF877
:108EF0009090DFF890A00025DAF800301D49DB6A79
:108F000003EB83039B0059F803200B68022A28BF58
:108F10000125002B18BF0125284603B0BDE8F08FBE
:108F2000154A186811681960144910600A680132FE
:108F30000A601A6812685AB90B4B01931A464FF02F
:108F4000FF3313607FE7019A4FF0FF331360D3E7DD
:108F50001B68054ADB680192DB685B68136072E797
:108F6000F863002018640020FC6300206464002083
:108F70000C64002008640020606400200464002069
:108F800090640020F0680020146400202DE9F84F60
:108F9000FEF7D0FE374B1A68013A1A601B68002BA7
:108FA00059D1354B1B68002B55D0344D2B68002B05
:108FB0005CD0334EDFF8DC80324FDFF8DC904FF0CE
:108FC000010AEB68DC6804F1040B04F11800FEF7F9
:108FD00035FE5846FEF732FEE36A326803EB830043
:108FE0009342594608EB800088BF3360FEF700FECD
:108FF0003B68E26ADB6A9A4228BFC9F800A02B6886
:10900000002BDED1204B1A68126852B31A681F4B2E
:10901000D268D26852681A601D4E346844B1012586
:10902000FFF702FF08B1C9F80050013CF8D13460E5
:10903000D9F800307BB14FF0E0234FF08052C3F8F5
:10904000042DBFF34F8FBFF36F8F0124FEF794FE03
:109050002046BDE8F88F0024FEF78EFE2046BDE8CE
:10906000F88F0A4B4FF0FF321A60D5E7DFF82890EF
:10907000D2E700BFF86300201C6400204C6400208D
:1090800014640020F068002064640020FC63002069
:109090000C6400209064002008640020064B1B68CC
:1090A00043B94FF0500383F31188BFF36F8FBFF3C1
:1090B0004F8FFEE7FFF76ABFF863002010B550B985
:1090C0004FF0E0234FF08052C3F8042DBFF34F8FD1
:1090D000BFF36F8F10BD104C216841B14FF05003AA
:1090E00083F31188BFF36F8FBFF34F8FFEE72368C1
:1090F00001332360FFF72EFC236843B94FF0500380
:1091000083F31188BFF36F8FBFF34F8FFEE7FFF735
:109110003DFF0028D4D010BDF86300201F4B1B6812
:109120001BB11F4B01221A6070471D4A1D4910B424
:109130001D4C1360236803EB8302920098008A5849
:1091400042B913B3013B03EB8302980051F822208C
:10915000002AF6D0184401EB800C6246DCF80410BB
:109160004968CCF804100832914208BF49680F4A98
:1091700008BFCCF80410C9681160236013680C4A5A
:109180005DF8044B6433136070474FF0500383F372
:109190001188BFF36F8FBFF34F8FFEE7F863002096
:1091A000086400209064002014640020F06800200F
:1091B000680D002070B504462E4EFEF7BBFD002C56
:1091C0003AD0251D2846FEF739FDA36A1BB104F1EC
:1091D0001800FEF733FD29462748284DFEF708FD05
:1091E00094F8B430012B04BF002384F8B430FEF7A8
:1091F000C3FD2B688BB93368A34200D070BD2B68C8
:109200000BB31F4B1B6833B34FF0500383F311882C
:10921000BFF36F8FBFF34F8FFEE7FEF78BFD194B48
:109220001A68126852B11A68174BD268D26852682D
:109230001A60FEF7A1FDDEE73468C2E7124B4FF07B
:10924000FF321A60F5E70C49104A0968126891422A
:109250000CD1336070BD4FF0E0234FF08052C3F863
:10926000042DBFF34F8FBFF36F8F70BDBDE870400B
:10927000FFF754BFF0680020206400201064002035
:10928000F863002064640020FC6300201C6400205C
:1092900060B110B50A4B0C4619681831FEF7B6FCE0
:1092A00020460121BDE81040FFF754BB4FF05003AA
:1092B00083F31188BFF36F8FBFF34F8FFEE700BFBB
:1092C000F068002038B580B10C4B0D461968144683
:1092D0001831FEF78DFC002C21460CBF28464FF0BC
:1092E000FF30BDE83840FFF735BB4FF0500383F344
:1092F0001188BFF36F8FBFF34F8FFEE7F068002038
:1093000038B5C368DC684CB304F118052846FEF78D
:1093100095FC174B1B6873B116482946FEF768FC8D
:10932000154BE26A1B68DB6A9A4283BF134B01202C
:109330001860002038BD251D2846FEF77FFC104A26
:10934000E36A11680F488B4288BF136003EB830305
:10935000294600EB8300FEF74BFCE1E74FF050039A
:1093600083F31188BFF36F8FBFF34F8FFEE700BF0A
:10937000F86300204C640020F0680020086400209E
:109380001464002090640020034A044B12681B6898
:10939000C0E90023704700BF046400201864002067
:1093A000F8B508B30D46B1B10446FEF7C3FC2B680F
:1093B0001A4A581C11682CD0DFF864C0D4E9006048
:1093C000DCF80070BE4218D0884216D80124FEF79F
:1093D000D3FC2046F8BD4FF0500383F31188BFF350
:1093E0006F8FBFF34F8FFEE74FF0500383F3118869
:1093F000BFF36F8FBFF34F8FFEE7A1EB000E7345F6
:1094000009D95B1ADCF80010126803442B60C4E928
:1094100000120024DBE700232B60D7E7186400204C
:1094200004640020014B01221A6070470864002088
:10943000054B1B6833B1054B1868B0FA80F0400942
:10944000400070470120704710640020F86300203E
:1094500008B338B51D4B1C68844208D04FF0500348
:1094600083F31188BFF36F8FBFF34F8FFEE7236E37
:1094700043B1E16AE26D013B9142236600D063B1E2
:10948000002038BD4FF0500383F31188BFF36F8F76
:10949000BFF34F8FFEE700207047251D2846FEF7DB
:1094A000CDFBE36D0A4AE362C3F13800A0611068A6
:1094B0008342084888BF136003EB830300EB8300FB
:1094C0002946FEF795FB012038BD00BFF06800205B
:1094D0001464002090640020F0B5124C83B0FEF7B5
:1094E00029FC256825B103B0BDE8F040FEF744BC77
:1094F0000D4F0E4E3846FEF76BFB3046FEF768FB0D
:109500000B4A009517600B4A0B4B166010210B4A53
:109510000A20FEF71DFF20600028E4D00849FFF76D
:1095200051F9E0E7EC6900200C6A0020F86900209E
:10953000F4690020F0690020F468002044690020EC
:109540001824010810B588B0FFF7C6FF124B1B683E
:10955000CBB1002407AA06A905A8CDE90544FEF76A
:1095600027FBDDE905010223CDE901100093079AED
:109570000A490B482346FFF7E1FA0A4B186010B17D
:10958000012008B010BD4FF0500383F31188BFF3E2
:109590006F8FBFF34F8FFEE7EC6900202024010896
:1095A00095960008E8690020C0B130B5184D2C68C8
:1095B00085B084B10529CDE90012029017DCFFF7D0
:1095C00037FF02281CD0002328681A466946FEF798
:1095D00013FF05B030BD204605B030BD4FF050033D
:1095E00083F31188BFF36F8FBFF34F8FFEE79C4665
:1095F0006246002369462046FEF7C4FF05B030BD31
:109600002868089A00236946FEF7F6FEE4E700BFE3
:10961000EC690020F0B51D4E83B00DE0DB68DC681E
:109620001F68251D2846FEF709FB236A2046984738
:1096300094F828305B0709D433681A68002AEDD102
:10964000134A11683160136003B0F0BDA26907EBE3
:10965000020C67454FF0000320463A46294606D2E1
:109660003068C4F804C02461FEF7D0FAE4E7009340
:109670001946FFF799FF0028DED14FF0500383F31E
:109680001188BFF36F8FBFF34F8FFEE7F46900209F
:10969000F06900202DE9F04F944E954D954C89B01E
:1096A0004FF0E0294FF0805832681768002F00F023
:1096B000A280D3681F68FFF7A9FBFFF7AFFB2A68FA
:1096C00090428346C0F0A8808742286040F2AE8076
:1096D00000222068A7EB0B01FFF78CF8FFF7DEFCF8
:1096E00028B9C9F8048DBFF34F8FBFF36F8F20687F
:1096F000002204A9FEF7A8FF0028D5D0049B0698F5
:10970000002B70DB069F7B6913B1381DFEF796FABC
:10971000FFF784FB2B6898428346C0F08480049B4B
:10972000C5F800B0092BE2D8DFE803F00505054DC8
:10973000365405054D3697F82820059BB9693F61D9
:1097400042F0010287F828205A182CBF012000207F
:109750005A457A6000F28580ABEB0303994200F230
:109760009B803B6A3846984797F828305907BED502
:10977000BB69059A1A440023009338461946FFF73F
:1097800013FF0028B3D14FF0500383F31188BFF3C8
:109790006F8FBFF34F8FFEE797F82820059BBB61C3
:1097A00042F0010287F82820002B00F091805B44F2
:1097B0005B457B6096BF504B306818683F61391D30
:1097C000FEF724FA93E797F8283023F0010387F88F
:1097D00028308CE797F828309A074CD523F00103FE
:1097E00087F8283083E7059B07999847049B002B4F
:1097F000FFF67DAF86E7FFF709FBFFF70FFB2A684F
:109800009042834608D33C4BC5F800B01A681268F2
:10981000B2FA82F252095CE7FFF7FCFEC5F800B02D
:10982000FFF73CFC63E7FFF7F5FE78E7FFF736FC50
:109830003268D268D2F80CA00AF1040108460391FC
:10984000FEF7FCF99AF82820039912F0040F16D1BC
:1098500022F001028AF82820DAF820305046984792
:1098600045E75B4502D900283FF47BAF3068391DDE
:10987000FEF7CCF93BE73846FEF764FC37E7DAF849
:109880001800CAF810A03A185A45CAF8042009D995
:109890003068FEF7BBF9DFE7174B391D1868FEF794
:1098A000B5F924E7ABEB070B58451AD800233A4625
:1098B000009319465046FFF777FE0028CCD14FF0B1
:1098C000500383F31188BFF36F8FBFF34F8FFEE711
:1098D0004FF0500383F31188BFF36F8FBFF34F8FA7
:1098E000FEE7054B1868FEF791F9B5E7F46900202B
:1098F000E4690020EC690020F0690020F8B5D0E9A7
:1099000002E50446AEEB050740689742284415443B
:1099100008D83A460E46A5EB0E0508F039F86068FF
:109920002A46F11908F034F8BFF35F8FE560F8BDFF
:109930002DE9F8430646D0E90204894617464FF060
:10994000000833699C4203F1FF3228BF03F1FF3363
:10995000A0EB04052ABF1B18131B1B1BBD4228BF0D
:109960003D469D42706828BF1D46494620442A4610
:1099700008F00EF8B0682C44A844A9447F1BA0420C
:1099800008BF0024BFF35F8FF460002FD9D1404699
:10999000BDE8F88310B5154CA8220021204607F039
:1099A00019FF03212161124A61611248A2614FF43B
:1099B0008061E061002321620F48A362102163628D
:1099C000E36222666066A1662367E3666367BFF3AE
:1099D0005F8F0A4BA3F1100C1846C21A13F8011D31
:1099E000A1546345F9D1BFF35F8F10BD306E0020E5
:1099F00028240108306A0020206A0020442401083D
:109A000038B5204B00EB400403EBC40E0130DEF808
:109A10002C4000EB4000012C8C46154603EBC000A7
:109A200005D0022C2AD0B4B10024204638BDDEF87F
:109A30002830DEF82440A3429CBFDEF820105B18DB
:109A4000013B1C1B944228BF144622466146FFF787
:109A500055FF204638BDDEF82830DEF8242093423A
:109A60009CBFDEF820105B18013B9A1A9542DCD8A7
:109A70002A466146FFF742FF2C46D6E7BDE838404C
:109A8000FFF756BF306E0020F8B50B4B1B7804462D
:109A90000D4616466BB1EFF311874FF0200181F3AD
:109AA0001188324629462046FFF7AAFF87F311881E
:109AB000F8BDFFF76FFFEEE7306E0020FFF76ABFDB
:109AC000D0E9012310B50446581C904207D82268FB
:109AD000D154E3686268A0600133E36003469A42B0
:109AE00000D010BD21682069FFF7CEFFA36898421F
:109AF00015BF4FF0FF330023E360A36010BD00BF2C
:109B00002DE9F84F1546A942DDF828900B9A0F462B
:109B100083461E4663D30B464FF00108B3FBF5F3B3
:109B20009D4208F10108F9D9B04538BFB04612F09E
:109B3000010A02D1B9F1000F38D1DBF80C30002B4B
:109B400023DB012402E0013E05FB04F4012EFAD8D8
:109B5000B7FBF4F39D42F7D9224E06E0AC42B4FBCA
:109B6000F5F30CD31C46B7FBF3F3F15C584604FB4A
:109B70001377FFF7A5FFDBF80C30002BEEDABAF114
:109B8000000F02D0B9F1000F07D1BDE8F88FFFF741
:109B900097FFDBF80C30002BF7DBC1454FF02001BD
:109BA000584609F1FF39F2D8BDE8F88F930711D470
:109BB00020240AE0FFF784FFDBF80C30002B09F1CA
:109BC000FF39E2DBB9F1000FB9D0C845214658464C
:109BD000F0D3B2E7002E14BF20243024F5E74FF075
:109BE0000108A1E7482401082DE9F04F9BB040236C
:109BF0000DF1280A05930023CDE9073081460C4674
:109C00001746CDF810A0069306E004A8FFF758FF0A
:109C1000079B002BC0F2A98014F8011B002900F05B
:109C20009C802529F1D10026234613F8012BA2F1AF
:109C300023010D2908D8DFE801F07B070707070794
:109C4000070777077F070773A2F1300109294FF053
:109C500000050DD805EB850502EB45051A78A2F144
:109C6000300109291C46A5F1300503F10103F1D9A2
:109C70002E2A00F0F98021784FF0000B01F0FB0054
:109C800068281C465CD02529BFD05839CBB2202B80
:109C9000BED82029BCD801A353F821F0739D000839
:109CA000119C0008119C0008119C0008119C0008E0
:109CB000119C0008119C0008119C0008119C0008D0
:109CC000119C0008119C0008579E0008ED9D00089B
:109CD000119C0008119C0008119C0008119C0008B0
:109CE000119C0008119C0008119C0008119C0008A0
:109CF000119C0008119C0008119C0008CF9D0008D1
:109D0000119C0008119C0008A99D0008119C0008E6
:109D10008F9D0008119C0008119C0008739D00088D
:109D200046F002061C467FE746F004061C467BE729
:109D300046F008061C4677E746F001061C4673E726
:109D400014F8011B01F0FB03682B9CD114F8011BD4
:109D500001F0FB03682B96D1F2E7079B002B04DD93
:109D6000069C002C40F09680234418461BB0BDE8AA
:109D7000F08F3868102201680430CDE900565B4648
:109D800038600DEB0200FFF7BBFE079B41E7386828
:109D900001680430CDE900565B4638600A2204A809
:109DA000FFF7AEFE079B34E73B681A1D3A601D685B
:109DB00015F8011B04A800293FF42AAFFFF780FE25
:109DC000079B002BF4DA18461BB0BDE8F08F3A6809
:109DD000116804323A600022082301921022009395
:109DE0000DEB0200FFF78CFE079B12E73B681A6839
:109DF000039204333B6082EAE273A3EBE273092B24
:109E000040F390805E484FF0010819466329A0FB9B
:109E100003C308F101084FEAD303F6DCD84538BF85
:109E2000D846002D3FD107980025034600289CDB2B
:109E3000039B002B61DB73076BD406F00303022B3B
:109E400073D05B46CDE9005603990A2204A8FFF7B8
:109E500057FE079BDDE63B681A1D19783A6004A897
:109E6000FFF72EFE079BD4E66178A1F13002092AA4
:109E700054D81C464FF0000B0BEB8B0201EB420257
:109E800014F8011FA1F13003092BA2F1300BF3D913
:109E9000631CF3E62246514648460393FFF7F4FD60
:109EA000039B234461E7039A002A06F002031ADBAE
:109EB000720718D4002B51D0BBF1000F10D0F0075F
:109EC0000AD50DE0A8450BD2FFF7FAFD079B002B42
:109ED00005F1FF35FFF649AF202104A8002DF1D18F
:109EE00007980346A2E7013D13B1BBF1000FF7D07D
:109EF000F207F5D4002DEFD195E75B422D2104A8A0
:109F00000393FFF7DDFD079800280346FFF62DAF0A
:109F100093E72B2104A8FFF7D3FDF4E701334FF0BB
:109F2000000BABE64FF0010878E7BBF1000F88D1DA
:109F3000002D86D045454FF030011FD904A8FFF70A
:109F4000BFFD0798002805F1FF350346FFF60DAF6A
:109F5000002DEFD10028FFF608AF72E7F107BBD55F
:109F6000079800280346FFF600AF06F00303022B14
:109F70007FF467AFBBF1000FDCD062E70346E9E78F
:109F8000CDCCCCCC0EB400B582B003AB01AA53F853
:109F9000041B0193FFF728FE02B05DF804EB03B049
:109FA000704700BF0000000000B51F481F499FED2B
:109FB0001A7B4FF40032002385B0C0E90012012261
:109FC000CDE90033CDE9023380ED0A7B8360036184
:109FD000037680F82030C360C26180F8303042617F
:109FE000F6F7F2FE68B99FED0E7B00230E48029350
:109FF00069468DED007BF6F793FF28B905B05DF853
:10A0000004FB00F029FDEEE700F026FD05B05DF849
:10A0100004FB00BFAFF300800100000F0000000050
:10A020001000000001000000386F002000200140F7
:10A03000184B02689A4200D0704730B583B00023B5
:10A04000154A0193516C154D41F480715164526C65
:10A050001349296002F4807201924FF48062044631
:10A060002A6101986B604FF400614FF4005228465A
:10A07000AB60EB606961AA61EB612B626B62F7F721
:10A080004DFC18B9A563AC6303B030BD00F0E4FC2F
:10A09000F8E700BF0020014000380240D86E0020E1
:10A0A000706402400E480F490023032210B5C0E936
:10A0B0000012C0E902334FF410244FF400114FF0A6
:10A0C00080724FF48073C0E9051204618383F6F750
:10A0D000CFFF00B910BDBDE8104000F0BDBC00BF0F
:10A0E000AC6F0020006400400E480F49002303229B
:10A0F00010B5C0E90012C0E902334FF410244FF448
:10A1000000114FF080724FF48073C0E905120461B2
:10A110008383F6F7ADFF00B910BDBDE8104000F035
:10A120009BBC00BF846F00200068004030B502680F
:10A1300048498DB000238A42CDE90633CDE9083382
:10A140000A933FD044498A4201D00DB030BD434A02
:10A150000393116C424841F080611164116C01F06D
:10A16000806103910168039C01310129016065D080
:10A1700000243A4B05941A6B3A4842F002021A63E3
:10A180001B6B03F00203059360220223CDE9062333
:10A1900006A9092303220A930992059DF7F7B4FE45
:10A1A000224605214020F7F71FFB4020F7F758FB18
:10A1B000224605214120F7F717FB4120F7F750FB16
:10A1C0000DB030BD26490A680132012A0A6029D043
:10A1D0000024224B02941A6B234842F008021A63AF
:10A1E0001B6B03F00803029303220223CDE906232D
:10A1F00006A9092303220A930992029DF7F784FE18
:10A20000224605211420F7F7EFFA1420F7F728FB70
:10A21000224605211520F7F7E7FA1520F7F720FB6E
:10A220000DB030BD0D4A0193136C43F000731364FD
:10A23000136C03F000730193019BC9E70493136C43
:10A2400043F000731364136C03F000730493049BD6
:10A250008EE700BF00640040006800400038024004
:10A26000806F002000040240000C0240054808B541
:10A27000054B0360F7F702FB00B908BDBDE80840D5
:10A2800000F0EABBD46F0020003002400B4B0268A4
:10A290009A4200D0704782B000220192D3F8302851
:10A2A00042F48052C3F8302803F500631B6B03F4BB
:10A2B00080530193019B02B0704700BF0030024001
:10A2C00000B51148114A026083B00023CDE9003384
:10A2D000F7F7E8FA60B99FED0A7B0B481022694650
:10A2E0008DED007BF7F7F4FA28B903B05DF804FBB5
:10A2F00000F0B2FBEFE700F0AFFB03B05DF804FB4A
:10A300000000000000000000DC6F0020007400402E
:10A3100000B5194A016889B000239142CDE90233A2
:10A32000CDE90433069302D009B05DF804FB02F5D1
:10A33000E2320093106C40F000501064106C00F09A
:10A340000050009000980193136B0C4843F00103F8
:10A350001363136B9FED067B03F00103019302A9C6
:10A360008DED027B019BF7F7CFFD09B05DF804FB93
:10A3700020000000030000000074004000000240C4
:10A3800010B582B00024344B00941A6B42F4800262
:10A390001A63186B00F48000009000980194186B09
:10A3A00040F4001018631B6B03F4001322460521D0
:10A3B00001930C20019BF7F717FA0C20F7F750FADE
:10A3C000224605210D20F7F70FFA0D20F7F748FA7E
:10A3D000224605212F20F7F707FA2F20F7F740FA3A
:10A3E000224605213820F7F7FFF93820F7F738FA29
:10A3F000224605213A20F7F7F7F93A20F7F730FA25
:10A40000224605213B20F7F7EFF93B20F7F728FA22
:10A41000224605213C20F7F7E7F93C20F7F720FA20
:10A42000224605214420F7F7DFF94420F7F718FA10
:10A43000224605214520F7F7D7F94520F7F710FA0E
:10A44000224646200521F7F7CFF9462002B0BDE8A5
:10A450001040F7F705BA00BF0038024008B501F018
:10A46000E7FA034B1868BDE80840FDF76DBB00BF75
:10A470000070002010B5144A14480021FDF70EFBAF
:10A48000134B144A0446002113481C60FDF706FBD9
:10A49000124B134A0446002112481C60FDF7FEFAD5
:10A4A000114B124A0446002111481C60FDF7F6FAD0
:10A4B000104B114A0446002110481C60FDF7EEFACB
:10A4C0000F4B186010BD00BF142501085DA40008E3
:10A4D00000700020F0240108DDBF0008FC6F0020A0
:10A4E000CC24010829DC0008F86F0020A82401080A
:10A4F00059BF0008F46F00208424010851E10008CE
:10A50000F06F00202DE9F043002491B0CDE90A441A
:10A51000CDE90C446E4B01940E941A6B6D4EDFF82E
:10A52000C0916D4F42F002021A631A6B02F00202F0
:10A530000192019A02941A6B42F040021A631A6B5C
:10A5400002F040020292029A03941A6B42F0010256
:10A550001A631A6B02F001020392039A04941A6BB5
:10A5600042F008021A631A6B02F008020492049A7D
:10A5700005941A6B42F004021A631A6B02F004028B
:10A580000592059A06941A6B42F480721A631A6B4C
:10A5900002F480720692069A07941A6B42F0200227
:10A5A0001A631A6B02F020020792079A08941A6B3A
:10A5B00042F080021A631A6B02F080020892089A35
:10A5C00009941A6B42F010021A631B6B03F010031C
:10A5D0000993224630464021099BF7F7B9FD4846CA
:10A5E00001221021F7F7B4FD012211463846F7F792
:10A5F000AFFD01250AA9304640230A93CDE90C445A
:10A600000B95F7F781FC30460AA908224FF4041392
:10A61000CDE90A230C95F7F777FC01220AA94846F1
:10A620000023CDE90A234FF002080C95F7F76CFCE4
:10A6300048460AA910230A93CDE90B55CDF834807A
:10A64000F7F762FC0AA930224FF4041323480C9454
:10A65000CDE90A23F7F758FC4FF4304200230AA94A
:10A660003846CDE90A230C95F7F74EFC0AA938467F
:10A67000CDE90A55CDE90C58F7F746FC032305262A
:10A68000CDE90C4338464FF480430AA90A93CDF82C
:10A690002C800E96F7F738FC224631460920F7F752
:10A6A000A3F80920F7F7DCF8224631460A20F7F72D
:10A6B0009BF80A20F7F7D4F8224631461720F7F71F
:10A6C00093F81720F7F7CCF811B0BDE8F08300BF7E
:10A6D0000038024000180240000402400008024016
:10A6E000000002400B480C4910B500230B4C0460DD
:10A6F0004FF4804241608360C360026143618361C3
:10A70000C3610362F7F734FD00B910BDBDE8104026
:10A7100000F0A2B920710020801A06000058004005
:10A720000B480C4910B500230B4C04604FF48042D9
:10A7300041608360C360026143618361C3610362FE
:10A74000F7F716FD00B910BDBDE8104000F084B960
:10A75000C8700020801A0600005C0040F0B5036855
:10A76000614A8DB000249342CDE90644CDE9084406
:10A770000A9404D05D4A934265D00DB0F0BD5C4FA1
:10A7800001943B6B5B4E43F020033B633B6B03F058
:10A79000200301930322019B1223CDE90623032307
:10A7A00006A909930546042353480A93F7F7ACFB1F
:10A7B00002943B6C514A43F480033B643B6CB460AD
:10A7C00003F4800302934FF06063C6E90023304630
:10A7D0004FF48063C6E90343C6E90544C6E907446C
:10A7E00002997462F7F79AF8002879D1444C4549E8
:10A7F000AE634FF060620023C4E90012204640219E
:10A800004FF48062C4E90213C4E90533C4E9073395
:10A81000B56322616362F7F781F800285DD16C634C
:10A82000002205212120A563F6F7DEFF2120F7F79E
:10A8300017F8002205212220F6F7D6FF2220F7F78D
:10A840000FF80DB0F0BD2A4D03942B6B2E4843F04A
:10A8500004032B632B6B03F004030393039B049407
:10A860002B6B43F001032B632B6B03F00103049369
:10A870004FF400720327042606A91223CDE906230C
:10A880000997049B0A96F7F73FFB06A94FF48072DD
:10A8900012231E480997CDE9062308940A96F7F774
:10A8A00033FB05942B6C43F400032B642B6C03F4F3
:10A8B00000032246052105934820059BF6F794FFE7
:10A8C0004820F6F7CDFF224605214920F6F78CFFF8
:10A8D0004920F6F7C5FF0DB0F0BD00F0BDF89EE7CA
:10A8E00000F0BAF882E700BF00580040005C00406A
:10A8F00000380240647000200014024040600240B2
:10A9000004700020B86002400008024000000240CD
:10A9100030B5002395B0CDE90A33CDE90C33CDE94C
:10A920000333CDE90533214901930793086C204A8D
:10A9300040F080500864096C01F080510191019948
:10A940000293136843F480431360136801204FF4AB
:10A95000803103F48043CDE9080102934FF4800174
:10A960000224CDE90E41029807210220CDE912010F
:10A970000622A82308A810921193F9F7BFF908B18D
:10A9800072B6FEE70F220346CDE903244FF4A0552B
:10A990004FF4805203A80521CDE905350792F9F758
:10A9A000C3FB08B172B6FEE715B030BD00380240F7
:10A9B0000070004000B583B0F6F7C8F9FFF7A8FFB4
:10A9C000FFF7A0FDFFF7DCFCFFF7EEFAFFF76AFBED
:10A9D000FFF78AFB00F0A8F800F0AAFC00F00CFDDD
:10A9E00000F076FE00F03AF800F060F800F004FCA9
:10A9F00000F00AFE00F050FE00F08AFE00F074FD48
:10AA0000FFF770FEFFF78CFEFFF730FCFFF758FCF6
:10AA100001F0F2FA0748084B084A09490090002063
:10AA2000FFF7B0FAFDF70EF8FFF724FDFDF71CF86D
:10AA3000FEE700BF78250108382501083C250108FC
:10AA400044250108034B02689A4200D07047F6F78C
:10AA500097B900BF0020004072B6FEE7054808B570
:10AA6000054B0360F9F7E4FC00B908BDBDE80840F8
:10AA7000FFF7F2BF7471002000080650094B02680E
:10AA80009A4200D0704782B0074B002201925A6B65
:10AA900042F040025A635B6B03F040030193019B59
:10AAA00002B07047000806500038024010B50A484E
:10AAB0000A4C00237C2140F67F42C0E90043C0E9F4
:10AAC0000212036143618361F9F710FD00B910BD03
:10AAD000BDE81040FFF7C0BF88710020002800408B
:10AAE00000B50E4A016885B000239142CDE90133DB
:10AAF00002D005B05DF804FB094B039302226846BF
:10AB00000092F9F7F7FB30B9064B0122C3F83C2E4F
:10AB100005B05DF804FBFFF79FFFF5E70028004054
:10AB200000031E000000474210B50F480F4C4FF4C1
:10AB30008272C0E90042022101220023C0E904120E
:10AB40004FF4007418210A22C0E90233C0E906411B
:10AB5000036243628362C262F9F7D8FD00B910BD97
:10AB6000BDE81040FFF778BF687200200030014058
:10AB70002DE9F043464B02688BB000249A42CDE9A0
:10AB80000444CDE90644089402D00BB0BDE8F0833C
:10AB900003F5843301945A6C3E4E42F480525A6459
:10ABA0005A6C02F480520192019A02941A6B42F09C
:10ABB00002021A631A6B02F002020292029A0394D2
:10ABC0001A6B42F001021A631B6B03F0010303933B
:10ABD000182202234FF001084FF00309052704A9AA
:10ABE00005462D480897CDE90423CDE90689039B46
:10ABF000F7F78AF9802202232848089704A9CDE9AB
:10AC00000423CDE90689F7F77FF9254A32604FF032
:10AC1000C06373604FF480624FF400333046B46019
:10AC2000F46032617461B461F46133627462F6F7A6
:10AC300075FE30BB1B4C1C4921604FF0C062626046
:10AC40004FF48062002340212261EE644FF4003211
:10AC50002046B563A160E3606361A361E3612262A2
:10AC60006362F6F75BFE78B9002205212320AC640D
:10AC7000A563F6F7B9FD2320F6F7F2FD0BB0BDE8AA
:10AC8000F083FFF7E9FED5E7FFF7E6FEECE700BF4C
:10AC90000030014008720020000402400000024021
:10ACA00010640240A87100205864024010B582B0C0
:10ACB000134B002400945A6C42F480425A645A6C3C
:10ACC00002F480420092009A01941A6C42F0805281
:10ACD0001A641B6C03F08053019322460F216FF01E
:10ACE0000100019BF6F780FD224604200621F6F7BD
:10ACF0007BFD042002B0BDE81040F6F7B1BD00BFF7
:10AD00000038024070B588B0234B002202921A6CC2
:10AD100042F480721A641B6C03F48073029305463C
:10AD200001A903A8029BF9F7C3FA069BD3B9F9F767
:10AD30009FFA0346194A1A4C1A49A2FB03239B0C9B
:10AD4000013B0022C4E90013204640F2E7332261B0
:10AD5000A260A261E360FAF7E9FB064630B1304633
:10AD600008B070BDF9F784FA4300E3E72046FAF72C
:10AD70006DF906460028F2D12D20F6F771FD0F2D52
:10AD800001D90126EBE7324629462D20F6F72CFDA6
:10AD9000054B1D60E3E700BF0038024083DE1B4324
:10ADA000C07200200020004008000020FEE700BF25
:10ADB0007047FDE7FEE700BFFEE700BFFEE700BF0C
:10ADC000704700BFF6F7F2BF0820F7F7C5B900BF1C
:10ADD0001020F7F7C1B900BF0148F6F7CDBE00BF9C
:10ADE000387500200148F6F7C7BE00BF6470002028
:10ADF0000148F6F7A1BB00BFAC6F00200148F6F791
:10AE00009BBB00BFAC6F00202020F7F7A5B900BFA7
:10AE10000148F7F713BC00BF207100200148F8F784
:10AE2000E1B800BF207100200148F9F7FBBF00BF67
:10AE3000687200200148FAF7F1BE00BFE8760020F2
:10AE40000148FAF7EBBE00BFA076002008B5044821
:10AE5000FAF752FABDE808400248FAF74DBA00BFC7
:10AE600058730020C07200200148F6F785BE00BF6D
:10AE7000047000200148F6F77FBE00BF0872002072
:10AE80000148F6F779BE00BFD87400200148F6F7F4
:10AE900073BE00BFA87100200148F6F76DBE00BF69
:10AEA000D86E00200148F6F747BB00BF846F002032
:10AEB0000148F6F741BB00BF846F00200148F8F756
:10AEC000F5B900BF308C00200148F6F755BE00BF31
:10AED000987500200148F6F74FBE00BF7874002037
:10AEE0000148F6F749BE00BFF87500200148FAF79F
:10AEF00095BE00BF587600200148F7F79FBB00BF02
:10AF0000C87000200148F8F76DB800BFC870002075
:10AF10000120704708B506F00FFD162303604FF0BF
:10AF2000FF3008BD08B506F007FD16230360FEE7F5
:10AF30000C490D4A0B6810B50C4C121B2BB1184470
:10AF4000904207D80860184610BD094B0B601844A2
:10AF50009042F7D906F0F0FC0C2303604FF0FF336A
:10AF6000184610BD087300200000022000500000A9
:10AF700088990020034AD2F8883043F47003C2F85D
:10AF80008830704700ED00E000B5304A0368934216
:10AF900087B027D02E4A934215D02E4A934230D004
:10AFA0002D4A93423CD02D4A934218D12C4B00227B
:10AFB00005925A6C42F400325A645B6C03F400331D
:10AFC0000593059B0BE0264B002202921A6C42F07F
:10AFD00004021A641B6C03F004030293029B07B083
:10AFE0005DF804FB1E4B002201925A6C42F00102F4
:10AFF0005A645B6C03F001030193019B07B05DF899
:10B0000004FB174B002203921A6C42F008021A64E8
:10B010001B6C03F008030393039B07B05DF804FB6C
:10B020000F4B00220492596C41F0020159645B6C91
:10B0300003F0020304932D200F21049BF6F7D4FBA9
:10B040002D2007B05DF804EBF6F70ABC00000140C4
:10B0500000080040000C0040000401400044014092
:10B06000003802400000000030B50368564A8DB039
:10B0700000249342CDE90644CDE908440A9438D02F
:10B08000524A93424CD0524A934264D0514A93421E
:10B0900004D0514A934279D00DB030BD4F4B039448
:10B0A0001A6B4F4842F480721A631A6B02F4807272
:10B0B0000392039A04941A6B42F004021A631B6B06
:10B0C00003F004030493032506A9C0220223CDE95B
:10B0D00006230A95049BF6F717FF402202234148F6
:10B0E0000A9506A9CDE90623CDE90844F6F70CFF39
:10B0F000D2E73A4B00941A6B3B4842F010021A63B5
:10B100001B6B9FED2F7B03F01003009306A9012317
:10B110008DED067B009A0A93F6F7F6FE0DB030BD72
:10B120002E4B01941A6B42F008021A631B6B022427
:10B130004FF4804003F008030193CDE90604012297
:10B1400003232A48019D089206A9CDE90934F6F7A0
:10B15000DBFE0DB030BD02F50B320294116B2448BA
:10B1600041F080011163126B02F08002022302920F
:10B170004FF4E054012206A9CDE90643CDE90823A6
:10B18000029D0A93F6F7C0FE0DB030BD134B059437
:10B190001A6B42F020021A631B6B0224402003F05A
:10B1A00020030593CDE90604012203231148059DE0
:10B1B000089206A9CDE90943F6F7A6FE6CE700BFA1
:10B1C000006A00000200000000000140000800408A
:10B1D000000C0040000401400044014000380240DF
:10B1E000002002400008024000100240000C024013
:10B1F000001C02400014024010B5002496B020222A
:10B2000021460EA8CDE90344CDE90744CDE9094420
:10B21000CDE90B440294009406940594019406F041
:10B22000D9FA4148414A0461A723C0E9002344F602
:10B230001F63C0E9024344618461FAF777F900288B
:10B240004ED14FF480533848029302A9F9F7A4FF76
:10B25000002861D13448FAF7C5F9002859D10022F5
:10B26000002331486946CDE90023FAF7A7FA002800
:10B270004CD1002000210022CDE90A0160232A4898
:10B28000069306A9CDE9072209920C92FAF736FA3D
:10B29000002838D12448042206A9FAF72FFA78BBEF
:10B2A0002148082206A9FAF729FA30BB1E480C22C9
:10B2B00006A9FAF723FAE8B99FED197B00231A488B
:10B2C00015930EA98DED127BCDE90E33CDE9103328
:10B2D000FAF7B4FA38B91448FFF7C6FE16B010BD35
:10B2E000FFF7BAFBADE7FFF7B7FB0F48FFF7BCFE70
:10B2F00016B010BDFFF7B0FBDEE7FFF7ADFBD5E7FB
:10B30000FFF7AAFBCCE7FFF7A7FBC3E7FFF7A4FB18
:10B31000AFE7FFF7A1FBA2E7FFF79EFB9AE700BFAD
:10B3200000000000002000003074002000000140F8
:10B3300000B52F482F4A8FB00023CDE90233CDE965
:10B340000433CDE90033CDE90633CDE90833CDE947
:10B350000A330C93836003618361A723C0E9002350
:10B360004FF6FF73C360FAF7E1F838BB4FF4805330
:10B370001F48029302A9F9F70FFF80BB1C48FAF798
:10B3800031F948BB0022002319486946CDE9002362
:10B39000FAF714FAE8B99FED147B002314480893D8
:10B3A00006A908228DED067B0A93FAF7A7F940B9A2
:10B3B0000F48FFF759FE0FB05DF804FBFFF74CFB99
:10B3C000D4E7FFF749FB0A48FFF74EFE0FB05DF8E0
:10B3D00004FBFFF741FBDEE7FFF73EFBD2E7FFF799
:10B3E0003BFBCBE7AFF300806000000000000000F3
:10B3F000E87300200008004000B539488FB00023F2
:10B40000CDE90233CDE90433CDE90033CDE906338C
:10B41000CDE90833CDE90A33C0E901330C93036168
:10B420008361304B03604FF6FF73C360FAF77EF819
:10B43000002834D14FF480532948029302A9F9F728
:10B44000ABFE002842D12648FAF7CCF800283AD1C2
:10B450000022002322486946CDE90023FAF7AEF91D
:10B4600070BB9FED1D7B00221D48089206A98DED43
:10B47000067B0A92FAF742F9F8B91948042206A99C
:10B48000FAF73CF9B0B91648082206A9FAF736F9D6
:10B4900040B91348FFF7E8FD0FB05DF804FBFFF774
:10B4A000DBFAC7E7FFF7D8FA0D48FFF7DDFD0FB06D
:10B4B0005DF804FBFFF7D0FAE5E7FFF7CDFADCE72C
:10B4C000FFF7CAFACDE7FFF7C7FAC1E7FFF7C4FAFB
:10B4D000B9E700BFAFF3008060000000000000008B
:10B4E000A0730020000C004010B5002496B020226C
:10B4F00021460EA8CDE90344CDE90744CDE909442E
:10B50000CDE90B440294009406940594019406F04E
:10B5100061F93B483B4A0461A723C0E9002344F694
:10B520001F63C0E9024344618461F9F7FFFF00280B
:10B5300046D14FF480533248029302A9F9F72CFE0A
:10B54000002856D12E48FAF71FF800284ED10022C5
:10B5500000232B486946CDE90023FAF72FF900288C
:10B5600041D1002000210022CDE90A0124480C929B
:10B5700006A9CDE90622CDE90822FAF793F878BBAF
:10B580001F48042206A9FAF78DF830BB1C48082290
:10B5900006A9FAF787F8E8B99FED177B002318484A
:10B5A00015930EA98DED127BCDE90E33CDE9103345
:10B5B000FAF744F938B91248FFF756FD16B010BD36
:10B5C000FFF74AFAB5E7FFF747FA0D48FFF74CFDDA
:10B5D00016B010BDFFF740FADEE7FFF73DFAD5E7FA
:10B5E000FFF73AFACCE7FFF737FABAE7FFF734FA92
:10B5F000ADE7FFF731FAA5E70000000000200000EA
:10B60000587300200004014000B52148214989B049
:10B61000A7220023C0E9001241F28732CDE90033AE
:10B62000CDE90233CDE90433C0E902320693036168
:10B630008361F9F77BFFA8B91548F9F7D3FFC0B9C3
:10B640009FED117B00221248029269468DED007B2E
:10B650000492FAF753F878B90D48FFF705FD09B0E1
:10B660005DF804FBFFF7F8F90948F9F7BBFF00287C
:10B67000E6D0FFF7F1F9E3E7FFF7EEF90448FFF74B
:10B68000F3FC09B05DF804FB60000000000000005E
:10B690000C7300200044014010B50B480B4C0023F4
:10B6A0004FF4E1310C22C0E90041C0E902330361EB
:10B6B00042618361C361FAF785F900B910BDBDE845
:10B6C0001040FFF7C9B900BFE87600200010014024
:10B6D0000C480D490D4A10B50023C0E900124FF483
:10B6E00080544FF480610C22C0E902430161426141
:10B6F0008361C361FAF766F900B910BDBDE8104077
:10B70000FFF7AAB9A076002000480040A0860100FB
:10B7100010B50B480B4C00234FF4E1310C22C0E96B
:10B720000041C0E90233036142618361C361FAF7FA
:10B7300049F900B910BDBDE81040FFF78DB900BF51
:10B7400058760020001401402DE9F0410368A64A14
:10B750008EB000249342CDE90844CDE90A44054661
:10B760000C940AD0A14A934200F08280A04A9342EE
:10B7700000F0C2800EB0BDE8F0819E4B01945A6C7F
:10B780009D489E4E42F010025A645A6C02F010021C
:10B790000192019A02941A6B42F002021A631A6B28
:10B7A00002F002020292029A03941A6B42F0010222
:10B7B0001A631B6B03F00103802203930727022304
:10B7C0004FF0030808A9CDE908230C97039BCDF897
:10B7D0002C80F6F799FB022389480C9708A94FF4AF
:10B7E0000077CDE90873CDF82C800A94F6F78CFB2E
:10B7F000844A74624FF00063C6E900234FF480630B
:10B800004022336130464FF44033C6E90224C6E992
:10B810000544C6E90743F6F781F8002840F0D880D0
:10B82000794C7A496E634FF000620023C4E900123C
:10B8300020464FF480614FF44032C4E90233C4E93A
:10B840000413C4E90633B56322626362F6F766F84F
:10B85000002840F0BA80AC63002205212520A563B2
:10B86000F5F7C2FF2520F5F7FBFF0EB0BDE8F0812C
:10B87000604B04941A6C6648664E42F480221A6447
:10B880001A6C02F480220492049A05941A6B42F016
:10B8900004021A631B6B03F0040305934FF4406228
:10B8A0000223CDE9082303230B9308A9059B072353
:10B8B0000C93F6F729FB584A4FF00063C6E90023C2
:10B8C00030464FF48063C6E90244C6E90434C6E951
:10B8D0000644C6E90844F6F721F800287BD1AE6398
:10B8E000002205212720B563F5F77EFF2720F5F715
:10B8F000B7FF0EB0BDE8F0813E4B06945A6C474846
:10B90000474E42F020025A645A6C02F0200206921E
:10B91000069A07941A6B42F040021A631B6B03F0FD
:10B92000400307934FF484420223CDE90823032701
:10B93000082308A9079A0C930B97F6F7E5FA394AFA
:10B9400034634FF02063C6E900234FF48063336112
:10B950004FF48033C6E9074330460423C6E9024466
:10B96000C6E90544C6E90A747362F5F7D7FF0028F3
:10B9700037D12D4C2D49AE634FF02062C4E900123F
:10B980004FF480620023402122610422C4E90213A3
:10B9900062624FF4803103222046C4E90533C4E9D2
:10B9A0000731C4E90A23B5632363F5F7B7FFA8B9E4
:10B9B0006C63002205214720A563F5F715FF47209A
:10B9C000F5F74EFF0EB0BDE8F081FFF745F842E70E
:10B9D000FFF742F824E7FFF73FF880E7FFF73CF86E
:10B9E000E6E7FFF739F8C4E70010014000480040DF
:10B9F000001401400038024000040240F8750020A5
:10BA000000000240B864024098750020886402403B
:10BA100000080240387500202860024000180240EB
:10BA2000D87400204064024078740020A064024072
:10BA300008B5184918480022FBF722FB70B91749CE
:10BA40001548FBF731FB88B915491348FBF7D8FABD
:10BA5000A0B91148FBF744FBB8B908BDFEF7FCFFDD
:10BA60000E490D48FBF720FB0028EDD0FEF7F4FF50
:10BA70000B490948FBF7C4FA0028EAD0FEF7ECFFAF
:10BA80000548FBF72DFB0028E7D0BDE80840FEF78E
:10BA9000E3BF00BFE40000202C770020500000200E
:10BAA0009C000020002070470020704708B5034B21
:10BAB0001B680BB108889847002008BD0C8A00203D
:10BAC000024610B507480C461146FBF7B3FA054885
:10BAD000FBF7BCFA044B1B680BB120889847002089
:10BAE00010BD00BF2C770020088A002010B5064C3E
:10BAF000064900222046FBF78FFA05492046FBF74E
:10BB000099FA002010BD00BF2C770020087A002091
:10BB100008820020024A034B1060196002487047F7
:10BB20000C8A0020088A00200882002030B50368B3
:10BB300089B00024B3F1A04FCDE90244CDE904441B
:10BB4000069401D009B030BD214D00942B6B2148E3
:10BB500043F001032B632B6B03F0010300934FF4BD
:10BB6000E0520223CDE90223032302A905930A230D
:10BB7000009A0693F6F7C8F96B6B43F080036B638A
:10BB800001946B6C43F480436B646B6C03F48043EF
:10BB90002246052101934320019BF5F725FE432012
:10BBA000F5F75EFE22460B484FF48051F6F7D0FAC7
:10BBB0009FED090A01F0AAFA064801224FF48051CC
:10BBC000F6F7C6FA9FED040A01F0A0FA09B030BDFD
:10BBD0000038024000000240CDCCCC3D00F2C44110
:10BBE000D0F80805FBF790BA01EBC10300EB830323
:10BBF000D0F80805D3F88C22FBF7B6BA01EBC103E5
:10BC000000EB8303D0F80805DA6CFBF7E7BA00BF56
:10BC1000D0F80805FBF786BBC16810B5044611B122
:10BC200002290AD10121D4F80805FBF75FFBD4F8FB
:10BC30000805BDE81040FBF72BBBFEF70DFF012107
:10BC4000F1E700BF10B50446D0F80805FBF752FB3A
:10BC50002268D2F8003E43F00103C2F8003E236A96
:10BC600023B1034A136943F00603136110BD00BFFB
:10BC700000ED00E0D0F80805FBF748BBD0F8080558
:10BC8000FBF776BBD0F80805FBF75CBBD0F80805DE
:10BC9000FBF784BBD0F80805FBF782BB02780AB13A
:10BCA00000207047154B10B5C3F808054FF0A044AD
:10BCB000C0F8C83204200221C3E900401846C3E995
:10BCC0000612C3E90822D9601A61DA621A63F7F72B
:10BCD00045FA78B980210948F8F70AF8402200218E
:10BCE0000648F7F7DFFF802201210448F7F7DAFF63
:10BCF000002010BDFEF7B0FEECE700BF308C002046
:10BD000008B5D0F8C802F7F7B1FA18B102280CBF8D
:10BD10000120032008BD00BF944608B51A46D0F89C
:10BD2000C8026346F7F776FE18B102280CBF01205F
:10BD3000032008BD08B5D0F8C802F7F7A9FE18B16E
:10BD400002280CBF0120032008BD00BF08B5D0F8B1
:10BD5000C802F7F72BFF18B102280CBF01200320FF
:10BD600008BD00BF08B5D0F8C802F7F763FF18B1E7
:10BD700002280CBF0120032008BD00BF0A06D0F82E
:10BD8000C83206D401EBC10103EB810393F87E02B4
:10BD9000704701F07F0101EBC10103EB810393F8D0
:10BDA0003E00704708B5D0F8C802F7F71FFE18B17B
:10BDB00002280CBF0120032008BD00BF08B5D0F841
:10BDC000C802F7F7CBFE18B102280CBF01200320F0
:10BDD00008BD00BF08B5D0F8C802F7F78DFE18B14E
:10BDE00002280CBF0120032008BD00BFD0F8C80204
:10BDF000F7F7AABE00487047108A0020704700BFBE
:10BE0000122301480B807047D00000200423014812
:10BE10000B807047CC00002010B5044C04480A4643
:10BE20002146FBF793FD204610BD00BF3C9100204A
:10BE30009825010810B5044C04480A462146FBF732
:10BE400085FD204610BD00BF3C910020A4250108BF
:10BE500010B5044C04480A462146FBF777FD2046FE
:10BE600010BD00BF3C910020B825010810B5044C5E
:10BE700004480A462146FBF769FD204610BD00BF75
:10BE80003C910020C42501081B48D0F8103AD0F896
:10BE9000182A10B59B184FF01A040C8001D11748CE
:10BEA00010BD164AD0F8140A02F1100411464FF0E2
:10BEB000000E4FEA137CB3F1204F34BF0CF1300C6D
:10BEC0000CF1370C81F802C081F803E00231A14285
:10BED0004FEA0313EDD10A4C0021030FB0F1204FBC
:10BEE00034BF303337339374D1740232A2424FEAF5
:10BEF0000010F2D1014810BD0070FF1FB0000020FB
:10BF0000B8000020DFF834D00D480E490E4A002357
:10BF100002E0D458C4500433C4188C42F9D30B4AFD
:10BF20000B4C002301E013600432A242FBD3FFF765
:10BF300021F805F007FDFEF73DFD704700000220E7
:10BF400000000020B80D0020FC320108B80D0020D0
:10BF500084990020FEE7000000B583B0144E154B15
:10BF6000154A164900960020FEF70CF8144C154DA2
:10BF7000DFED158A9FED158A02F008F9284601F0D9
:10BF80000FF820EE280A124B124A134984ED000ADA
:10BF9000B4EEC80AF1EE10FA4FF0000003DDCDE96F
:10BFA0000046FDF7EFFF0120FBF7E6FDE4E700BFE9
:10BFB00078250108382501083C250108D425010809
:10BFC0003C9300204093002000007A449A99993FC6
:10BFD000F8250108FC2501080426010808B54FF4DE
:10BFE000FA70FBF7C9FD00F0A3FC02F04DFC012044
:10BFF000FBF7C2FDF7E700BF08B572B6A82000F056
:10C000007DFF01F011F9054B9FED050AB3F86200C1
:10C0100001F0DAFD00F03CFA62B608BD34290108EF
:10C02000CDCCCC3D10B504460C3000F0BFF9204615
:10C0300000F0BCF9204610BD10B5044600F0A8F988
:10C0400004F10C0000F0A4F9204610BD204600F0D9
:10C05000ADF902F0EEFC00BFF8B500F108070446A8
:10C0600038460E46154600F093F904F1140000F02E
:10C070008FF9C4E900652046F8BD384600F096F90E
:10C0800002F0D7FC38B5044600F10805143000F082
:10C090008DF9284600F08AF9204638BD70B5844DE8
:10C0A000844C854E2DED068B2846FFF7C5FF2846AC
:10C0B000824DDFED838ADFED839A9FED838A9FEDCA
:10C0C000839A9FED83AA2246314602F0ADFC2846B2
:10C0D000FFF7B2FF31467F4E2246284602F0A4FC0D
:10C0E0007D4D304600F054F930467C4E22462946BC
:10C0F00002F09AFC304600F04BF93046784E22466A
:10C10000294602F091FC304600F042F93046754E67
:10C110002246294602F088FC304600F039F93046C4
:10C12000714E2246294602F07FFC304600F030F97D
:10C1300030466E4E2246294602F076FCB0EE681A72
:10C14000B0EE680ADFED6A0A304600F027F93046A3
:10C15000684E2246294602F067FCB0EE681AF0EEFF
:10C16000690A9FED650A304600F018F93046634EC3
:10C170002246294602F058FCB0EE681AF0EE690A31
:10C180009FED5F0ADFED5F9A304600F007F9304619
:10C190005D4E2246294602F047FC304600F0F8F892
:10C1A00030465A4E2246294602F03EFC304600F008
:10C1B000EFF83046564E2246294602F035FC30460E
:10C1C00000F0E6F83046534E2246294602F02CFC99
:10C1D000B0EE481AF0EE480AB0EE680A304600F0B9
:10C1E000DDF830464C4E2246294602F01DFCB0EEEA
:10C1F000481AF0EE490AB0EE4A0A304600F0CEF88E
:10C200003046464E2246294602F00EFCB0EE481A51
:10C21000F0EE490AB0EE690A304600F0BFF8304649
:10C220003F4E2246294602F0FFFBB0EE481AF0EEE0
:10C23000480AB0EE680A304600F0B0F83046394E91
:10C240002246294602F0F0FBB0EE481AF0EE490A09
:10C25000B0EE4A0A304600F0A1F83046324E22468F
:10C26000294602F0E1FBB0EE481AF0EE490AB0EEC2
:10C27000690A304600F092F830462C4E2246294694
:10C2800002F0D2FB304600F083F83046284E2246BA
:10C29000294602F0C9FB304600F07AF8BDEC068B67
:10C2A000224629463046BDE8704002F0BDBB00BFC3
:10C2B000409400200000002025C0000828940020A1
:10C2C00000000000000013C23C7C88423C7C08C295
:10C2D00043666CC21C940020ADC30008109400207B
:10C2E00004940020F8930020EC930020E0930020B9
:10C2F00000009342D4930020899C7EC2C893002002
:10C30000899C7E4243666C42BC930020B09300201F
:10C31000A4930020989300208C9300208093002009
:10C3200074930020689300205C93002050930020B9
:10C330004493002008B50E4A0E490F48FFF78CFEC3
:10C340000E4A0F490C4802F06FFB0E4800F020F82F
:10C350000D4800F01DF8BDE80840084A0B4909489F
:10C3600002F062BB074800F021F802F062FB00BF58
:10C370009C940020909400207094002000000020E5
:10C3800085C00008589400206494002025C000084F
:10C390000022826042600260704700BF80ED000AA8
:10C3A000C0ED010A80ED021A704700BF704700BF60
:10C3B00000B5304BC5B01968024604A805F0E8FA8C
:10C3C0009DF81030312B08D0323B072B16D8DFE810
:10C3D00003F01F262D343B424918274A2748284995
:10C3E000284BCDE90210CDE900232749131F04A8EB
:10C3F000083A05F0C3F9254B00221A7045B05DF8E4
:10C4000004FB2049214B0020092208701A70F5E72F
:10C410001E491C4B0220002208701A70EEE71B49CF
:10C42000184B0320002208701A70E7E71549174BD4
:10C430000020042208701A70E0E71249134B002014
:10C44000052208701A70D9E70E49104B0020062209
:10C4500008701A70D2E70B490C4B002007220870B5
:10C460001A70CBE70749094B0020082208701A70A0
:10C47000C4E700BFE0940020C80B0020BC0B0020E4
:10C48000C5940020BD0B002040260108C494002064
:10C490002DE9F04F2DED028B4FF0B00AADF5377D51
:10C4A0005246002106A805F095F95D4B17935D4BA8
:10C4B00018935D4B22935D4B23935D4BDFF8BC815A
:10C4C000DFF8BC915B4EDFF8BCB120930724032555
:10C4D00040F2046752460123002132A88DF86840DB
:10C4E0008DF894408DF8B3502D962E93CDF854903E
:10C4F000CDF86CB0CDF89880ADF8AC7005F06AF965
:10C500004D4B9FED4E8A47934D4B4F93F2EE028A6F
:10C510005246022300215EA88DF818418DF844414F
:10C520008DF8635159965A93CDF80491CDF848810E
:10C53000ADF85C718DED448ACDED4C8A05F04AF979
:10C54000002152463F4B8DF8C8418AA8CDE9856548
:10C550008DF8F4418DF813527B93CDED788ACDF8A8
:10C56000B4918DED708ACDF8CCB1CDF8F881ADF8ED
:10C570000C7205F02FF90423B293334BA79306A84E
:10C58000324B8DF8C352B1968DF878428DF8A442A3
:10C59000A493CDF864928DED9C8ACDF87CB2CDF851
:10C5A000A882ADF8BC7201F07DFF294C294B2060B8
:10C5B000002632A86360666101F074FF0346A36140
:10C5C000254BE3615EA8254BE36201F06BFF244B32
:10C5D00063630246234B22638AA8636401F062FF0F
:10C5E000214BE3640025214BA06403A8E665049376
:10C5F000ADF80C50059502F04FF91D4ACDE90152F6
:10C6000001AB1C4A044693E80300146000F0A6FF47
:10C61000194B18600DF5377DBDEC028BBDE8F08F2E
:10C620000AD7233C0000FA456F12833A00401C47AA
:10C630000000A041AC6F002000007A4400409C45FF
:10C6400000803B4600A08C4600007A460000A040D7
:10C65000E8940020ACF731BB20EE443C5FFF4F4331
:10C660009F21603CCC0016438005E9BC307400205B
:10C67000B1C30008E4940020E094002000002043AF
:10C680000000404000007A45F0B59548954D02788D
:10C690002B789A4231D0944A944CD2ED007AD2F859
:10C6A00004E0D2F808C00021022B217009D0DA1E64
:10C6B000042A1BD8DFE812F0CA00C200BA00B20098
:10C6C000AA008B4D8B4A8C4E2D6816600E46037067
:10C6D0008A4B8B4A1D608B4BC2ED007A19608A4BE6
:10C6E000C2F804E0C2F808C01E6070E0844AC2EDDF
:10C6F000007AC2F804E0C2F808C0037003B9F0BDC4
:10C7000080497C4B0A681B68784C03EB0213D3ED1D
:10C71000006A93ED016A93ED027A1E7B587B2378C1
:10C72000032BECD8DFE803F0523A1D02764B774E2C
:10C730001F6833680133002F00F09080744F33601E
:10C74000B0FA80F04009B3F57A7F3870D7DD013A4E
:10C7500000239A420A60237080F2918000232B709C
:10C760008DE06C4B664AD3ED047A93ED026A77EE66
:10C77000C67AF7EE006AF0EEE77AF4EEE67AF1EECA
:10C7800010FA08D5D2ED027AF4EE477AF1EE10FAFB
:10C7900004BF0323237082ED027AF0BD5D4BD3ED1D
:10C7A0000A7AD3ED085A77EEE57AB7EE007AF0EE22
:10C7B000E77AF4EEC77AF1EE10FA63D4504A564B9A
:10C7C000C2ED006A1E7082ED016AF0BD4C4A514B09
:10C7D000D3ED047AD3ED026A77EEE67AB7EE007A0B
:10C7E000F0EEE77AF4EEC77AF1EE10FA0AD5DFED53
:10C7F0004B7A92ED027AB4EE677AF1EE10FA04BF4A
:10C80000012323704FF086439360F0BD444A4549AD
:10C810001568384A01261160691E58E74049354AB3
:10C820000D684049116000210E4650E73E4A3F49DD
:10C830001568304A01261160691E48E73A492D4AB9
:10C840000D683A49116000210E4640E7284A2A49FE
:10C850001568284A01261160691E38E7DFF8B0C064
:10C860003360B3F57A7F8CF800007FF748AF234B35
:10C8700027701B6801329A420A603FF46FAF0023B1
:10C880003360F0BDD3ED107AD3ED0E5A77EEE57A32
:10C89000F0EEE77AF4EEC77AF1EE10FA8ED5D3ED2A
:10C8A000167AD3ED145A164A77EEE57AF0EEE77A67
:10C8B000F4EEC77AF1EE10FA81D5D2ED007AF4EEFB
:10C8C000667AF1EE10FA7FF47AAFD2ED017AF4EEE7
:10C8D000467AF1EE10FA04BF022323706FE700BF1F
:10C8E000BD940020C4940020C8940020BC94002073
:10C8F00028080020B89400202C080020B4940020C0
:10C90000C00B0020C0940020B0940020AC94002004
:10C91000BC0B0020E8940020C594002000000043D8
:10C92000000100200401002094040020980400204D
:10C930002DE9F843A4482DED0A8B0121F5F702FCFF
:10C9400010B9A24B02221A70A14FA24C3978B1FA49
:10C9500081F104F160064909254623461A68183317
:10C9600082F8A71192ED047A53ED057A03ED037A6C
:10C9700067EE877AB34243ED047AEFD1FFF784FE86
:10C98000954BD3ED007AF5EE407AF1EE10FA4FF0C8
:10C99000000240F0E580914B95ED0B8A93ED01AAE2
:10C9A000D3ED009AD3ED02BA8D4BD5ED118A93EDFC
:10C9B000017AD3ED007A3AEE47AA79EEE79A2AEEA9
:10C9C0000A0AD3ED027AA9EEA90A7BEEE7BAB5EE20
:10C9D000400AF1EE10FA00F1EC80B1EEC0BA2BEE95
:10C9E0000B9A68EEA8AAF0EE497AE8EE087A78EE9B
:10C9F00008CA77EEEA7A2CEE8B0A87EE800A02F0FC
:10CA0000FFFCF0EE6A7AE8EE087A6CEEA8CAB0EEA7
:10CA100040CA37EEC90A80EE2C0A02F0F1FC39EE6A
:10CA20002A9A78EEA87AA8EE489A67EE8B7AB0EE4A
:10CA300040BA89EE270A02F0E3FCF5EEC09AF1EE67
:10CA400010FA10EE108A8AEE290A40F3A58002F04F
:10CA500025FDDFED647A70EE4CAAB0EE409A6AEEE6
:10CA6000A7AADFED607A9FED60AA4046ABEE67AA09
:10CA7000F3F7F2FCF0EEC97A804617EE900A894689
:10CA8000F3F7EAFC02460B4640464946F3F784FBBF
:10CA90004BA3D3E9002301F10041F3F735FDF3F790
:10CAA0006DFF9FED52BA95ED089AA86529EE0B9A95
:10CAB00009EE900AB0EE490AC5ED0AAA85ED10AA62
:10CAC000C5ED04BA02F0C0FDD5ED0E7ADFF8348171
:10CAD000F0EE49AAE7EE8BAAB0EE40AAB0EE6A0AE1
:10CAE00002F0B2FDF0EE407A67EEA87AB0EE490AA5
:10CAF000EAEE087AC8ED007A02F0E6FDB0EE409A60
:10CB0000B0EE6A0A02F0E0FD60EE287A384BAA68BF
:10CB10001B78C8F80820E9EE087AC8ED017A2BB135
:10CB2000DFED347A79EEA79AC5ED169A94ED040AF2
:10CB3000D4ED017A54F8180B80EE270A01F0EEFDCF
:10CB4000A642F3D12C4A3B781068F3B92B4B1B78E3
:10CB5000DBB9BDEC0A8B7821BDE8F84301F0B8BE23
:10CB600095ED016A9FED267A1A60C7EE866A2B68FA
:10CB7000C6EE877A93ED057AB8EEC77A77EE877AB4
:10CB8000FDEEE77AC3ED057A05E7BDEC0A8B9F2140
:10CB9000BDE8F84301F09CBE02F080FCDFED12AA74
:10CBA000DFED107A30EE4CCAB0EE409AECEE27AAD8
:10CBB00057E702F051FCB0EE40BA10E7AFF3008047
:10CBC00000000020DCA54C4000000240C49400207E
:10CBD000BD0B0020E8940020A8940020C00B00208A
:10CBE000D4940020E12E65420000344335FA8E3C97
:10CBF000C59400200000B442E4940020BC0B002047
:10CC00000000B443C894002038B50D4D0D4C2846A3
:10CC1000F4F73EFB02212846F4F766FC1021284673
:10CC2000F4F762FC2046F4F733FB02212046F4F7C8
:10CC30005BFC20461021BDE83840F4F755BC00BF2E
:10CC4000AC6F0020846F00202DE9F0411C4FDFF80D
:10CC5000788082B005460E4631462846F4F732FC0D
:10CC600050B33146164A6B462846F4F7ADFB98F8A8
:10CC700000100029F0D0D7F800E0124A002301E0AC
:10CC80009942E9D052F8044BD4F800C0654503F14D
:10CC90000103F5D1606B8645F2D1D4F839305BB130
:10CCA0003A6984F83820694604F12C0004F070FEDB
:10CCB000D4F839302046984702B0BDE8F08100BF73
:10CCC00048950020709500206D9500202DE9F043D7
:10CCD000424E37788FB005469FB30F2F25D8384680
:10CCE0003F4FD5F808C03946002301E0834238D0D1
:10CCF00051F8042B546B644503F10103F6D1146819
:10CD00002A68A242F2D1374CDFF8E090DFF8E080E9
:10CD1000354F2E1D0835CDE9015400964B4642464D
:10CD200039460020FDF72EF9F5E72E4C2F4F304EF7
:10CD3000304D00943B46324629460020FDF722F94B
:10CD4000F7E7284CFFF760FF2B4B2C4A2C49009447
:10CD50003846FDF717F930780F28E7D80028BFD1FB
:10CD60001F4F412004F03EFC3922044600210830C8
:10CD700004F030FD6B686360E361DB4303F00103A3
:10CD800008930E230D93AB6863635B012868EA6820
:10CD900005931C4BC4F839204FF001082A69C4F8E8
:10CDA0003D204FF0000908229842CDE90A896261CE
:10CDB0000CBF154A154A20601378591C117009934D
:10CDC00004A901230C93F4F7D3F9337820465A1CB5
:10CDD00047F8234032700FB0BDE8F0836D95002016
:10CDE000709500207825010808270108F82501081A
:10CDF000FC250108B0260108382501083C2501085A
:10CE000088260108AC6F00206C950020CC0B002018
:10CE100070B52DED028B84B0F0EE408A054600F02F
:10CE200053F9B0EE408A08E000F04EF930EE480ABF
:10CE3000B4EEE80AF1EE10FA1BDC2868F4F7B0FA59
:10CE400004460028F0D000F03FF9204A30EE480AAE
:10CE5000294682ED000A51F8040B05F1200305F183
:10CE60002402F4F743FA00BB012004B0BDEC028BAE
:10CE700070BD2A68164B174E934214BF022301233C
:10CE8000316801936B680091134902930391134B2E
:10CE9000134A14492046FDF775F833680133002022
:10CEA000336004B0BDEC028B70BD0A4E6A680A495B
:10CEB00030680A4B0090CDE901210020084A0A4958
:10CEC000FDF760F833680133E9E700BF649500209F
:10CED000AC6F0020689500207825010854270108D0
:10CEE0005827010860270108D82701080021FFF70B
:10CEF000ABBE00BF0121FFF7A7BE00BF1E491F4AFE
:10CF0000D1F8FC3030B443F080730024C1F8FC3019
:10CF1000546013681A491B4D43F0010313601A4B08
:10CF200001FB00F02860A3FB0053184D01F186417E
:10CF300001F549212C60164C01F643419B09A1FBE8
:10CF4000001023601349144B800C18600B7882B0DA
:10CF500073B9012008705268104B0192019C1A6845
:10CF6000944238BF286005480022406818600A7063
:10CF700002B030BC704700BF00ED00E0001000E0E0
:10CF800040420F00C4950020D34D6210B895002098
:10CF9000C0950020B0950020BC950020B4950020DD
:10CFA00010B4174902684B68164C83B094ED007AB0
:10CFB0000093009B009C04609B1A07EE903A124A73
:10CFC000F8EE677AB8EE477A137887EE870A6BB97E
:10CFD0000123137049680D4B01910198196888422B
:10CFE00008D30748002140681860117003B05DF84D
:10CFF000044B70470648016801310160F1E700BF4A
:10D00000001000E0C4950020B0950020B4950020E9
:10D01000B89500202DE9F0412349244A4B68244863
:10D0200082B000931478036884B9012414704C68AA
:10D0300020490194019D0C68A54238BF01331A4C68
:10D0400038BF036064680C60002010700027009AED
:10D05000194CDFF870804FF0FF303946E3FB0021B8
:10D0600010463B462268F3F7D9FC1E46134BC8F81E
:10D0700000001D6814463B462A4620463146F3F719
:10D08000CDFC83B203FB05F50D4AA8F80430601B04
:10D0900012683B4666F10001F3F7C0FCA8F80600F1
:10D0A00002B0BDE8F08100BF001000E0B0950020A4
:10D0B000B8950020B4950020C4950020C0950020AC
:10D0C000BC950020C895002008B5FFF7A3FF0C4BC6
:10D0D000DFED0C6A9A88D3ED007ADB8800EE102A27
:10D0E000B8EE677AB8EEC00A07EE903AA7EE260AC5
:10D0F000F8EEE77A9FED047AA7EE870A08BD00BF35
:10D10000C895002000007A446F12833AB2EE047A88
:10D11000C0EE077A1C4B1D494A68D3ED006AFCEE4D
:10D12000E77AF8EE666A17EE903A9BB203EB83005B
:10D13000400007EE900AF8EEE77A581E30EE670AD4
:10D1400080B293B126EE877A4FF6FF7C4B689B1A2C
:10D1500007EE903AF8EE677AF4EEC77AF1EE10FA3D
:10D16000F4D4013880B26045F0D120EE267A074928
:10D170004B689B1A07EE903AF8EE677AF4EEC77A9E
:10D18000F1EE10FAF4D47047C4950020001000E0CE
:10D1900030B40C4B1C789CB10B49002301E0A34236
:10D1A0000ED051F8042BB2F806C0844503F10103F8
:10D1B000F5D19568002DF2D02B46104630BC1847AB
:10D1C00030BC7047F8950020D0950020134B1A789A
:10D1D000DAB1134B03EB820C01E0634516D053F830
:10D1E000042B11688142F8D110B4446C11798C423F
:10D1F0000DD0634506D053F8042B11688142F4D05A
:10D200006345F8D15DF8044B704770477047136968
:10D21000002BF7D05DF8044B104618470496002009
:10D22000FC950020FFF7D2BFFCF748BC0F4B1A78E3
:10D23000DAB10F4B10B503EB820C012401E063451A
:10D2400012D053F8042B11688142F8D1516890F83C
:10D250001CE0890804FA01F18E45F0D153691BB135
:10D26000BDE810401046184710BD70474896002092
:10D270000896002002688368D2E900010131B3FBFF
:10D28000F1F307EE903AF8EE677A67EE807AFCEEFB
:10D29000E77AC0ED0B7AC2ED037A7047D0E900322D
:10D2A0001B68D3ED0B7AF8EE677A32B927EE800A65
:10D2B000BCEEC00A83ED0D0A704767EE807A042A3F
:10D2C000FCEEE77A06D0082A0CBFC3ED0F7AC3ED57
:10D2D000107A7047C3ED0E7A704700BF70B5304EBC
:10D2E00033780F2B00D9FEE704461C2000F03EFCEB
:10D2F0002268616813680546C0E90021A068E860FB
:10D30000E0682861206968616069A86103F14040B4
:10D31000B0F5005F40D903F13F4000F57F00B0F564
:10D32000806F2CD9A3F14023A3F58033B3F5006FB0
:10D3300025D90020A8601046F7F72CFF2A68AB68B3
:10D34000516895ED037A95ED040A0131B3FBF1F3D1
:10D3500007EE903AF8EE677A116867EE877A28460A
:10D36000FCEEE77AC1ED0B7AC2ED037AFFF796FF88
:10D3700033785A1C32700B4A42F8235070BDF6F7CE
:10D3800087FF094B09499A68C2F382228A5C02B17D
:10D390004000D5E90021CDE7F6F76AFFF1E700BFCD
:10D3A0004896002008960020003802408025010899
:10D3B000F0B50446C372C16083B00E4617460189BA
:10D3C000406800221D46F4F7C3FEA37A012B03D068
:10D3D000022B1BD04BB1FEE720682B463246394664
:10D3E00003B0BDE8F040F7F7E7BA4FF47A73009363
:10D3F0003246394620682B46F7F7EAF921896068FA
:10D40000012203B0BDE8F040F4F7A2BE20682B462D
:10D410003246394603B0BDE8F040F7F735BB00BFF0
:10D420002DE9F041134F3B7813B3DFF84C800646EB
:10D430000024454603E03B780134A34218D955F84F
:10D44000043B1A68B242F6D119895868F4F77AFE9B
:10D450000028F0D158F82430012258681989F4F7CF
:10D4600077FE58F82400036913B1BDE8F04118476E
:10D47000BDE8F081499600204C960020FFF7D0BF10
:10D48000F8B5184B1D7865B3174F86460E46BC4657
:10D49000002403E00134E3B29D4222D95CF8043B4E
:10D4A000D3F804017045F5D1D3F8082152B1904763
:10D4B00057F8243032461846002104F08BF9034611
:10D4C000D0F8040193F800211946F8F779FD57F8D0
:10D4D0002430D3F804319B6B1A68136823F00803D7
:10D4E0001360F8BD609600205496002070B5154B6F
:10D4F0001D7882B025B3144E0024334603E0013476
:10D50000E2B295421CD953F8041BD1F8042182429F
:10D51000F5D191F800210D4DF8F752FD56F8243061
:10D52000D3F804210A4B916B0A4A0868016821F07C
:10D5300008010160CDE9004507490020FCF722FD04
:10D5400002B070BD60960020549600207825010836
:10D55000542701085827010894280108F0B5134CF6
:10D5600085B004AB03E903002378012B0BD1104FE6
:10D57000104E114D114C009733462A46214600208B
:10D58000FCF700FDF7E7DDE90201FEF7C3FA0C4DF9
:10D59000074A00920B4B28600B4A0C490020FCF70D
:10D5A000F1FC28680123237005B0F0BD68960020C7
:10D5B00078250108F8250108FC250108DC28010868
:10D5C00064960020382501083C2501081829010827
:10D5D00070B5D0ED070A2A4E2A4D3378F2EE047A60
:10D5E00070EEA70ADFED287AF4EE670AF1EE10FA82
:10D5F000C8BFF0EE670A0446C5ED000A03B390ED1C
:10D60000150A406900F026F96369DFED207A93ED91
:10D61000140AA069B4EEE70AF1EE10FA44BFB0EEC6
:10D62000670AC3ED147AD3ED117AF5EEC07A0022C1
:10D63000F1EE10FABDE8704048BF5A64FFF72EBE05
:10D640009FED130A8069FFF729FED5ED007AB1EE50
:10D65000007A77EEC77A94ED157AB4EEE77AF1EEB8
:10D6600010FA0BDD0B4A13780133DBB2C82B1370B1
:10D6700004D96369084A5A640121317070BD00BF42
:10D680008B9600208C9600200000344200000000A1
:10D690003333733F8A960020CDCC4C3D2DE9F84FB3
:10D6A000037804460D461BB390F87C00012B00F074
:10D6B000400006D0003818BF01204042C0B2BDE88B
:10D6C000F88F0028F6D0E26C94F87C30A16C2A61C7
:10D6D000E26BE960216D2A60626C69616FF3861309
:10D6E000216CAA60626D6960AA6184F87C307DE07B
:10D6F000DFF80C91DFF804B1806892238BF80030DA
:10D700005A4608234946FFF753FE394BD9F8020021
:10D71000B9F8062094ED1C7A186005F10C089A807F
:10D720001E4641462F4605F118009A461A4692F8C1
:10D7300001C012F8023B43EA0C231BB207EE903AF9
:10D74000F8EEE77A67EE877AE1EC017A8842EED16B
:10D75000284A29496068822313700723FFF728FEAF
:10D76000254994ED1D7AD1F80100B1F80530CAF8C9
:10D770000000AAF80430727816F8023B43EA02234C
:10D780001BB207EE903AF8EEE77A67EE877AE7EC9D
:10D79000017A4745EFD1A223184A1949A0688BF8AE
:10D7A00000300423FFF704FEB9F80230AAF8003075
:10D7B000DAB25B0B43EAC20307EE903AF8EEE77A7F
:10D7C000F4EE006AB3EE077AA7EEA67AEA682B6851
:10D7D000286985ED067A6968A264E3636A69AB68C3
:10D7E0006364E0642164226584ED157A012066E7B4
:10D7F00084960020D00B00207C9600207496002098
:10D800006C96002038B578220C460546002103F0BE
:10D81000E1FF21462B4604F12002D1F800C04C68FC
:10D820008868D1F80CE0C3F80CE010319142C3F8DD
:10D8300000C05C60986003F11003EED108684A688C
:10D840008968996018605A6005F16000BDE8384049
:10D85000FFF7A6BB10B52DED028B90F91430002B0D
:10D860000446F0EE408AB0EE608AC0F2A48004F173
:10D870006000FFF795FB94F8703084ED178A38EE5E
:10D88000685A012B08BFB1EE488AB5EEC05A94ED34
:10D89000047A08BF84ED178AF1EE10FAD4BFB1EE16
:10D8A000456AB0EE456AB4EEC67AF1EE10FA84ED40
:10D8B000190AC4ED0B8A84ED0D5A63D594ED0E7AE6
:10D8C000D4ED024A94ED014AD4ED005A237D75EE61
:10D8D000476A65EE255A66EEA46A5907C6EE803A95
:10D8E00065EE046AC4ED105A66EE806AC4ED123A21
:10D8F000C4ED136A0BD535EE077AF6EE007A27EE03
:10D90000277A27EE047A27EE007A84ED137A9A06B6
:10D91000D4ED116A00F18D8094ED136A980709D552
:10D9200094ED0C7A37EE687A27EE247AC7EE003A47
:10D93000C4ED123A590600F1E780DA0794ED037A54
:10D9400000F1B08076EE866ADB0675EEA67AC4ED4D
:10D95000116A77EEA37A00F19480B4EE677AF1EE63
:10D9600010FA48BFF0EE477AB1EE470AB4EEE70A84
:10D97000F1EE10FADABFB0EE670AC4ED147A84ED66
:10D98000140A0BE0DFED757AD4ED123AC4ED147A87
:10D99000B0EE676AB0EE670AC4ED137AC4ED0C8A84
:10D9A000BDEC028B84ED150AC4ED163A84ED0E5AD7
:10D9B00084ED0F6A10BDD0ED037ADFED696A90ED5A
:10D9C000147A67EEA67AB0EEC77AB4EEE77AF1EE93
:10D9D00010FA3FF54CAFD0ED177ADFED626AB0EE8A
:10D9E000E77AB4EEE67AF1EE10FA3FF540AF90ED4B
:10D9F0000C6ADFED5D6A77EEC67AF0EEE77A87EEC5
:10DA0000876AB4EEE66AF1EE10FA40F39780D0E947
:10DA10001A3240F2E931013342F100028B42C0E98F
:10DA20001A3272F10002FFF422AF012380F8703045
:10DA30001DE765EE267A9FED497AF4EEC77AF1EE9E
:10DA400010FA7FF769AFD4ED087AB4EEE76AF1EE29
:10DA500010FA7FF661AF94ED074A37EE843AB4EEE0
:10DA6000C36AF1EE10FA74D834EE466A94ED137A74
:10DA700036EE276AC6EE047A27EE876A84ED136ACB
:10DA80004CE7D4ED096AD4ED154A70EE265A60EEE3
:10DA9000277A66EEA46AC7EEA54AC6EEA57A77EEA7
:10DAA000A47A5AE775EEA67A77EEA37AF5EEC07AF5
:10DAB000F1EE10FAD8BFF1EE677AB4EEE77AF1EE44
:10DAC00010FA08D565EE267A0022F5EEC07AF1EE5E
:10DAD00010FAC8BFE26436EE866AD4ED066AB4EE88
:10DAE000E66AF1EE10FA03DD0022C4ED116AE26489
:10DAF000F1EE666AB4EEE66AF1EE10FA17D4D4EDF0
:10DB0000116A94ED136A1DE7D4ED0A7AD4ED164A32
:10DB100030EE277A60EE233A67EEA47AC3EE874AA6
:10DB2000C7EE873A73EEA43AC4ED123A05E7DFED8B
:10DB30000B7AB0EE676AC4ED137A03E790F87030A1
:10DB40000021002023F00103C4E91A0184F8703099
:10DB50008DE6B0EE476A84ED137ADFE60000000040
:10DB60006F12833A17B7D1383333733F012103F073
:10DB70001DBD00BF30B52C2087B0FFF7F7FF104D5B
:10DB800004460FCDEC46ACE80F0095E803008CE8A6
:10DB900003006846FFF7A2FB0A4A002314607821BD
:10DBA0000422C4E9000384F820302373A261E161F8
:10DBB0002261A360636284F8283007B030BD00BFE3
:10DBC000E42301089096002010B5154C23682DED34
:10DBD000028B08EE100AF0EE408AE3B1B8EE488AF4
:10DBE000B7EE000A80EE080A1868FFF743FB2368C7
:10DBF00018689FED0C0AFFF751FBB0EE680AFFF7BB
:10DC000085FABDEC028B23689FED060A1868BDE813
:10DC10001040FFF743BBFFF7ADFF2368DEE700BF0F
:10DC2000909600200000000080B50020A14FDFF892
:10DC30009C82A14EA14D9FEDA28A9FEDA29ADFED9D
:10DC4000A28AF9F771FFA7F120090024D8F8001083
:10DC500031B90846F9F768FFD8F800100029F8D064
:10DC60008B68002B7BD01A78202A03D113F8012F60
:10DC7000202AFBD08B6018783A5C02F00302022A5B
:10DC80000CBFA0F1200202463C3A182A65D8DFE812
:10DC900012F0C400640077006400640019001900E9
:10DCA00019001900190019001900640064006400CB
:10DCB0006400EF00CD006400A200800064006400F6
:10DCC00064001F01202803D113F8012F202AFBD064
:10DCD0008B601A78B85C00F00300022808BF203A75
:10DCE000A2F14100062840F2EA81D1F824C05A1C72
:10DCF0008A605B78202B03D112F8013F202BFBD0E8
:10DD00008A6010783B5C03F00303022B0CBFA0F188
:10DD1000200303462B2B00F0EC812D2B00F0DD813E
:10DD2000232B00F0E6814FF0000E202803D112F8DB
:10DD3000013F202BFBD08A601378F85C00F00300D1
:10DD4000022808BF203B2E2B40F00C81531C8B6017
:10DD500050780EF1010E1A46E7E7D8F8001008686F
:10DD6000B0EE480AFFF79AFAD8F8001091F82000B0
:10DD700000287FF475AF81F82800F9F7D5FE65E734
:10DD80008B69D8F80020072B9CBF01338B611146AB
:10DD900066E701334FF0000C8B601A78202A03D11C
:10DDA00013F8012F202AFBD08B601A78B85C00F0A2
:10DDB000030EBEF1020F04BF19F80200203A10F062
:10DDC000040000F012810CEB8C0C02EB4C020133CE
:10DDD000A2F1300CE0E7013300208B601A78202A92
:10DDE00003D113F8012F202AFBD08B601A7817F883
:10DDF00002C00CF0030EBEF1020F04BF19F802C0FE
:10DE0000203A1CF0040F00F0978000EB800002EB3A
:10DE100040020133A2F13000DFE78B69D8F800201F
:10DE2000002BB4D0013B8B61114619E7202803D1A8
:10DE300013F8012F202AFBD08B601A78B85C00F011
:10DE40000300022808BF203AD8F80000002A61D059
:10DE50000133423A8B60112A5CD8DFE802F0615B43
:10DE60005B5B595B5B5B5B5B5D5B6A5B5B5B5B66E8
:10DE7000013300208B601A78202A03D113F8012F78
:10DE8000202AFBD08B601A7817F802C00CF0030E22
:10DE9000BEF1020F04BF19F802C0203A1CF0040FB3
:10DEA00000F09C8000EB800002EB40020133A2F105
:10DEB0003000DFE78D300108102A010834290108FD
:10DEC0000000000000007A4400007042909600209C
:10DED00001334FF0000E8B601A78202A03D113F81B
:10DEE000012F202AFBD08B601A78B85C00F0030C5D
:10DEF000BCF1020F04BF19F80200203A400724D5F4
:10DF00000EEB8E0002EB40020133A2F1300EE2E78D
:10DF100081F820400146A3E601230B7301469FE6EA
:10DF2000012381F8203001469AE602230B73014653
:10DF300096E60C73014693E60828D8F8003088610D
:10DF400001D908228A6119468AE6D8F80020AEF184
:10DF50002003DF2B88BF11463FF601AFC1F81CE05C
:10DF600011467DE60868C1F814E0BCF1000F40F0EE
:10DF70009280B0EE480AFFF791F9D8F80030D3ED5F
:10DF8000047AB8EE677AD3ED077AF1EE006AF8EE1C
:10DF9000675AC6EE877AD3ED056A67EE897AB6EEE0
:10DFA000006A67EEA87AF8EE666A87EEA57A67EEF1
:10DFB000067AA7EEA67AFCEEC77A17EE900AF9F772
:10DFC000DBFDD8F80030B0EE480A1868FFF766F9B4
:10DFD0000A20F9F7D1FDD8F8001041E60861D8F819
:10DFE000001000287FF43CAEB9E6C1F810C08446AA
:10DFF0001A78202A03D113F8012F202AFBD08B6036
:10E000001A78B85C00F00300022808BF203A2E2AD4
:10E0100004D101338B600CF1010CE9E70868C1F809
:10E0200014C04C62B0EE480AFFF738F9D8F8003057
:10E03000D3ED047AB8EE677AD3ED077AF1EE006A91
:10E04000F8EE675AC6EE877AD3ED056A67EE897AED
:10E05000B6EE006A67EEA87AF8EE666A87EEA57AF1
:10E0600067EE067AA7EEA67AFCEEC77A17EE900A5C
:10E07000F9F782FDD8F80030B0EE480A1868FFF7CB
:10E080000DF90A20F9F778FDD8F800100B69002B7C
:10E090007FF4E6AD63E635F81C3007EE903AF8EE13
:10E0A000677AB7EE000A80EE270AFFF7E3F8D8F8A0
:10E0B00000301868B0EE480AFFF7F0F85DE78869AD
:10E0C000324400EB400012F8412C4FEA800C0CF176
:10E0D000010C9444C1F824C009E6BCF1010F03D936
:10E0E0000CF1FF3CC1F824C0531C8B6050781A46D9
:10E0F00019E6BCF1530F9CBF0CF1010CC1F824C010
:10E10000F2E700BF10B50446102003F06BFA0022BE
:10E11000C0F80220C0F80A202288A168C160002A45
:10E1200014BF114664210180054902810A786468A0
:10E130004460541C0C70034941F8220010BD00BF1C
:10E14000949600209896002003880381704700BFB2
:10E1500070B50C4E33785BB10B4D002455F8043B81
:10E160001A89511E42B1198133780134A342F5D87E
:10E170000120F9F701FDEDE75A68002AF4D0D868CC
:10E180009047F1E7949600209896002070B56B4E6A
:10E19000336888B0002B00F0C18001A9586D684D2C
:10E1A000FFF77CFA3268674B506DC361FFF710FAD6
:10E1B00034686549654B664822464FF0000E04F10D
:10E1C0000C0CD1ED016ADDED027A91ED007A9DED46
:10E1D000016A67EEA67AD1ED026AE6EE077A0C33A1
:10E1E0000C319DED036AB5EC017AE6EE267A77EE06
:10E1F000877AE2EC017A53ED026ADDED057A13EDE0
:10E20000037A9DED046A67EEA67A53ED016AE6EEA5
:10E21000077A94459DED066AB0EC017AC2F814E0E5
:10E22000E6EE267A77EE877AC2ED027AC9D1494ABC
:10E23000494BD2ED006ADFED495A92ED017AD2EDF9
:10E24000027A93ED004AD3ED014A93ED025A9FED15
:10E25000446A94ED033AD4ED043A606D82ED004ACD
:10E2600066EEA56A27EE257A67EEA57AE4EE066AE1
:10E270007830A4EE867AE5EE067AD4ED055A9FED65
:10E28000396AC2ED014AE3EE066AA3EE867AE5EE4C
:10E29000867AC3ED006A83ED017A82ED025AC3EDFE
:10E2A000027AFEF77DFE32682F49D2ED0F6AD1ED7A
:10E2B000007A9FED2E7A2E4884ED160A76EEE77AE4
:10E2C000F4EEC77AF1EE10FA2ADD0388013B1BB2A7
:10E2D00003805B0007EE903A9FED246A9FED257A5C
:10E2E000C1ED006AF8EEE77AF0EE665AE7EE865A7C
:10E2F00092ED0D6AD2ED0E7AC2ED105A26EE076A43
:10E3000067EE877A26EE875A25EE877A82ED116AC4
:10E31000C2ED127A82ED135A82ED147A08B070BD04
:10E320009FED157AB0F90030F4EEC77AF1EE10FAED
:10E33000CFD501331BB20380CBE700BFA0970020ED
:10E34000BC9700200000C841242A0108242A0108A3
:10E35000182A0108B0970020A49700205D896EBF9D
:10E360005AF8F63FD5A9183B9C970020DB0F49408F
:10E3700098970020E12E6542DB0F49C010B5D0F818
:10E38000A0210A4811680A4B84B00290D469094A56
:10E390008B4214BF02200120CDE90004064B07493F
:10E3A0000020FBF7EFFD04B010BD00BF7825010889
:10E3B000AC6F00205827010854270108482A01089B
:10E3C00038B5D0F83D400546D4F8A801FFF7BCFEAB
:10E3D00004F5D670FEF7E4FD6288228084ED6C0AB5
:10E3E000A98DDFED2B7ADFED2B6AD4ED025A9FED7C
:10E3F0002A6A49BA8BB207EE103AB8EE477A6180C2
:10E4000027EE277A9A1A84ED017AEB8DDBBA07EEB4
:10E41000903AF8EEE77AB4F90C3067EEA67A06EE99
:10E42000903AE5EE867A12B2B2F5805FDFED1B5AC4
:10E43000C4ED027A2B8E9FED1A6ADBBA07EE903A92
:10E44000F8EEE77AF8EEE66A67EEA57AE6EE867A07
:10E45000FDEEE77A17EE903AA38195F83230A37378
:10E4600063690EDD013B63614FF4B47202FB03F399
:10E4700007EE903AF8EEE77A77EE877AC4ED047A01
:10E4800038BD12F5805FBCBF01336361ECE700BFAC
:10E49000ACFF333D3433A3409899193E6666663F1E
:10E4A000D0CCCC3D2DE9F0430121054689B04FF495
:10E4B000DC7003F07BF805F19403044693E8030055
:10E4C00095F89B30A183090C84F8A631A061A1774F
:10E4D00004F1300005F11001FFF794F905F13C015A
:10E4E00004F1A800FFF78EF905F1680104F59070BA
:10E4F000FFF788F96B6895F8A01094F8A621E868F2
:10E500006362AB68A362E0624B1E28682062012A46
:10E51000DBB254D0023A012A00F2A080032BD5F8D6
:10E520009CC000F2D180714EB44500F0AA80042155
:10E530001A4608466E4F84F8A52103F2012997F880
:10E5400000E06C4BDFF8D08184F8A40101225A541A
:10E55000C5F8A490BEF1000F00F09780002341465B
:10E5600002E0734500F0918051F8042BD2F8A0210D
:10E570001068844503F10103F3D1526B9145F0D14A
:10E580005D4C5E4B5E4A5F4900940020FBF7FAFC4D
:10E59000D5F89C30DFF86481DFF864915A4FB342BC
:10E5A00014BF02260126D5F8A4300093CDE90164FA
:10E5B00043464A4639460020FBF7E4FCF3E7032BC9
:10E5C000D5F89CC056D9494E4A1FB445D2B200F086
:10E5D000838005210846464F84F8A52103F20529CA
:10E5E00097F800E0434BDFF8308184F8A401012262
:10E5F0005A54C5F8A490BEF1000F46D000234146FE
:10E6000001E0734541D051F8042BD2F8A0211068E5
:10E61000844503F10103F4D1526B9145F1D1364C9D
:10E62000364B374A374900940020FBF7ABFCD5F84E
:10E630009C30DFF8C880DFF8C890334FB34214BF76
:10E6400002260126D5F8A4300093CDE901644346A3
:10E650004A4639460020FBF795FCF3E7264C274F46
:10E66000274E2A4D00943B46324629460020FBF7B0
:10E6700089FCF7E71D4EB44531D003211A46084600
:10E68000A9E701211A46084654E7214B05F19C00F1
:10E69000C5E92A34FEF71AFB1E4BC4F8A00102227A
:10E6A00005A8CDE906340592FFF72CFD3B78C4F8A8
:10E6B000A801002284F8A72120465A1C48F82340CC
:10E6C0003A7009B0BDE8F083084E4A1FB445D2B293
:10E6D00009D0032108462DE7022108467BE70021E7
:10E6E0001A46084677E70021084623E7AC6F00206A
:10E6F00000980020C897002078250108F825010817
:10E70000FC250108842A0108F42A0108202B0108AD
:10E71000C1E300087DE30008D097002080ED660A81
:10E72000704700BF2DE9F047534D2B78002B00F0C8
:10E730008C80DFF85091DFF848A14FF000084127A6
:10E74000242621E0E37E94F8A41194F8A50194F81E
:10E75000A741012B08BFF1EE600AFDEEE07A01EB64
:10E76000811217EE903A524402EB400243F3072C19
:10E77000400082F824C082F82530002C56D02B7837
:10E7800008F10108434560D959F8044B627ED4ED85
:10E79000660A510711D5237E042B0ED1237F012B4E
:10E7A0000ABF236A94ED040A93ED000A04F5907001
:10E7B000FFF750F8627EF0EE400AA37E012B08BFFF
:10E7C000F1EE600A93071AD5237E13F0060F16D0D8
:10E7D000A37F980704D5A36AD3ED007A70EEA70A49
:10E7E000637F012B0ABF636A94ED020A93ED000A6E
:10E7F00004F1A800FFF72EF8627EF0EE400AA37F36
:10E80000D90704D5E36AD3ED007A70EEA70AD307DF
:10E8100098D5B4F90C3000EE103A04F13000B8EE9F
:10E82000C00AFFF717F8F0EE400A8BE717FB01610B
:10E8300001440AEB01034AF801405C609C60DC6023
:10E840002B7808F1010843459ED80C4C0C4DA61DB1
:10E8500003E0B44205F141050CD014F8013B002B54
:10E86000F7D02846B7EE000AFEF7D2FAB44205F117
:10E870004105F2D1BDE8F08700980020C89700203C
:10E88000D80B0020D097002008B5FFF74BFFBDE85C
:10E89000084000F039B800BF38B501210546142002
:10E8A00002F084FE0446D5E901012B78A372C4E985
:10E8B0000301F6F76FFC044A04491378581C1070E2
:10E8C00041F82340204638BD0198002014980020CC
:10E8D000837A012B06D0022B10D053B121EAE171CB
:10E8E000C1807047B1F5877FF8DD4FF48771C18033
:10E8F0007047B429F2DDB421C18070476429EDDD91
:10E900006421C180704700BFF8B5414B1F781FB329
:10E91000404D414E05EB470704E0002B42D0023545
:10E92000AF4219D056F8044F002CF8D0A37A012B2F
:10E9300013D0022BF1D12389E1682269096803EB26
:10E9400083039B0003F5FA731BB22B80002A44D18A
:10E950000235AF424B63E5D1F8BD2378012B4DD092
:10E96000022B48D0002B50D1B4F906302B48C3EB12
:10E97000431203EB8203DB0080FB03201844DB1708
:10E98000C3EBE010F1F756FD254B0022F1F706FC32
:10E99000F1F7CCFF00B22880D4E903231268ABB9A9
:10E9A0005063BCE72378012B20D0022B29D1B4F986
:10E9B00004301C48C3EB431203EB8203DB0080FBF3
:10E9C00003201844DB17C3EBA010DBE7042B10D0A7
:10E9D000082B0CBFD0631064A1E7042A04D0082AD6
:10E9E0000CBFCB630B649AE78B6398E7B4F90230F2
:10E9F000DFE7906393E7B4F90430B7E7B4F9023086
:10EA0000B4E713B9B4F90630D3E7B5F90000C3E7AA
:10EA100001980020049800201098002049D6B9F2EF
:10EA200000407F40B7600BB60B460146184602F027
:10EA300097BE1EB400F08DF81EBCF2F795F803786F
:10EA4000472B17D143784E2B14D18378552B11D1F6
:10EA5000C378432B0ED10379432B0BD143792B2B56
:10EA600008D183792B2B05D1C07901288CBF0020D8
:10EA700001207047002070472DE9F3411E460378BE
:10EA8000472B04460F4613D143784E2B10D1837881
:10EA9000552B0DD1C378432B0AD10379462B07D1CF
:10EAA00043794F2B04D18379522B01D1C2793AB3E8
:10EAB0002046FFF7C4FF024620B3E37954F8202C28
:10EAC000012B0EBF52F8785C154604F158022B68F2
:10EAD00001929B6828469847B0B1019B1B6801933F
:10EAE00002243B6801AAD3F8108029460123384646
:10EAF000C04758B1019B3360204602B0BDE8F081A9
:10EB0000034DE4E7034DE2E70124EAE70446F3E7B7
:10EB1000942B0108C02B010810B5044600F034F80E
:10EB200002462046A4F12001FFF789FF60B154F8A6
:10EB3000043C0133012B44F8043C03D1936844F8AE
:10EB4000083C9160012010BD9368002BF9D000F0C3
:10EB5000A9FA10B500F018F8826801460AB900F069
:10EB6000A1FA02F120042046FFF769FF40B1D36902
:10EB7000013BD36113B9906988609361204610BD51
:10EB80008860FBE77047000000487047309800201D
:10EB9000024A03490348FFF747BF00BF00000020B7
:10EBA00085EB00083098002030B500231A4610F895
:10EBB000015B05F07F04944023432C0602F1070219
:10EBC000F5D40B6030BD30B500231A4610F8014B68
:10EBD00004F07F0595402B43250602F10702F5D48A
:10EBE0001F2A06D8640642BF4FF0FF3404FA02F22F
:10EBF00013430B6030BD50282DE9F341064688468B
:10EC000015461F4608D1D01C20F0030050F8044BD5
:10EC10003C6002B0BDE8F08100F00F030C2B2ED851
:10EC2000DFE803F025071D25292D2D2D2D18212581
:10EC3000290001A92846FFF7B7FF019C002CE7D067
:10EC400006F07003102B08BFA8464444330648BFA3
:10EC50002468DDE701A92846FFF7B5FFEDE7284660
:10EC600030F8024BEAE7284630F9024BE6E728463F
:10EC700050F8044BE2E7284650F8084BDEE702F074
:10EC80008DFC08B50346FF2B08460DD003F070033A
:10EC9000302B0FD004D8202B08D005D902F07EFCF1
:10ECA000402B0BD0502BF9D1002008BDBDE8084007
:10ECB00002F071BCBDE8084002F06ABCBDE8084043
:10ECC00002F056BC70B50C460146204615461E465D
:10ECD000FFF7D7FF334601462A462046BDE870407D
:10ECE000FFF789BF73B50C461546064608B102F01A
:10ECF0003FFC2246286012F8011BFF291CD02B1D67
:10ED00003046FFF7DFFF0246104610F8013BFF2BAD
:10ED100014D010232B7501A9FFF746FF019B034474
:10ED2000EB6010F8013B6B7501A9FFF73DFF019BFC
:10ED300003442B6102B070BD6860E5E72B750023CA
:10ED4000EEE71FB503AB009300230A46194601F016
:10ED50002BFF039805B05DF804FB00002DE9F04F90
:10ED600093B00023079300F00303012B06460C46E3
:10ED7000154610D0022B03D0002B5DD103075DD5C3
:10ED80002946204602F0DEFB18B1092013B0BDE889
:10ED9000F08F0820FAE7070745D5022306F008069A
:10EDA0001E430CAB009300230C22194628460C94FA
:10EDB00001F020FF062E43D1D4F83080D4E90A7345
:10EDC000B8F1000F00F03C819946002FC0F23B8162
:10EDD000032600230DF12C091A461946CDF80090A0
:10EDE00028460B9401F006FF002319460122CDF8B6
:10EDF000009028460B9701F0FDFE0F212846FFF7F3
:10EE0000A0FF00F0010040EA080000230B90CDF8BD
:10EE100000900F221946284601F0ECFE022E00F069
:10EE20002C810720B2E70F6A10460D21FFF789FFFA
:10EE30008742B2D10623B1E702F0B0FB0123ADE770
:10EE4000284602F09BFB8146002899D00CAA014677
:10EE50002846FFF747FF9DF844B0039029465846DF
:10EE6000FFF70FFF0F2102900E902846FFF769FF72
:10EE7000039A20F0010808F1FF38109F97420DD83F
:10EE80000027B8460123F10700F1C580320740F1A1
:10EE9000D480012B40F0CC8000F004F99DF845A00F
:10EEA00008AB51460020FFF70DFF09AB0246514663
:10EEB0000020FFF707FF0AAB024651460020FFF78C
:10EEC00001FF0BA9FFF770FE0C9B08990B4443450B
:10EED000024653D809990B444345CED9DDE90A309F
:10EEE000002B3FF44DAF0D9A03EB020800283BD0F6
:10EEF00001383844B8F1000F3FF442AF16F0080370
:10EF000004933DD0472323704E2363705523A37091
:10EF10004323E370462323714F2363715223A3716C
:10EF20000023E3710023039309A9FFF74CFE0AA90C
:10EF30000590FFF748FE099F002F69D043DDBBF124
:10EF4000FF0F3CD00BF00703042B3FF675AF01A277
:10EF500052F823F0C3EF000839EE000893EF0008E1
:10EF6000C3EF0008BBEF0008B8F1000F3FF408AF93
:10EF7000F0073FF505AF002702262AE73A467CE76F
:10EF8000E379012B0CBF54F8203C04F1580307939C
:10EF9000C8E702220F990BAB02FB171258460299E1
:10EFA000FFF729FE0B9931B134B307AB002220469D
:10EFB000FFF762FD00B3032365E70822EAE70022BA
:10EFC000E8E70422E6E70F9B6FF04042D21B03EB19
:10EFD000820AC4B10499B1B9079B0B93AAF1040A40
:10EFE0005AF8041F0029E6D00BAB002251442046FA
:10EFF000FFF742FD0028F3D00A98002841D0059B76
:10F000000344184690E753F82230002BF4D1D2E79E
:10F0100001230393F0E70D212846079EFFF791FE99
:10F02000C4E90A79C4E90806C4F830800620ADE6D0
:10F03000002FBFF6CDAE00F047F8012B7FF4C5AE30
:10F04000204600F074F90CAA49462846FFF74AFE0C
:10F050009DF844002946FFF714FE0F9BFA4303EB8B
:10F060008203002253F8221029B9C4E90A2004229D
:10F07000C4E90C23ACE60132F4E72046FFF74CFD6F
:10F08000CFE6039B002B7FF473AF79E608B580478A
:10F0900002F084FA024B1868BFF35B8F704700BF21
:10F0A000640D002008B5FFF7F5FFFFF7EFFF08B587
:10F0B0008047FFF7F7FF0000024B1868BFF35B8F34
:10F0C000704700BF600D002008B5FFF7F5FFFFF7A0
:10F0D000EEFF000010B5034B0360044600F0B4F8E7
:10F0E000204610BD042C010810B50446FFF7F2FFBE
:10F0F00020460C2100F0FCF8204610BD2DE9F0411F
:10F10000DDF81880904506460F4615461C460BD084
:10F11000B0680368CDF818801E6A2A46234639462F
:10F12000B446BDE8F0416047194600F057F80028A2
:10F13000EED00620BDE8F0812DE9F14F0D461946CD
:10F14000DDE90A4BDDE90CA681461746984600F03A
:10F1500045F890B1002D3460377109DB2C44A2458D
:10F1600014BF01240624B471002001B0BDE8F08F63
:10F170000235F9D10123B371F6E7544506D159465A
:10F18000484600F02BF808B17771EDE7D9F8080090
:10F190000368CDE90CA6CDE90A4BDC693A46434643
:10F1A0002946A44601B0BDE8F04F60472DE9F04183
:10F1B00007460C4615461E4600F079F848B9B8686F
:10F1C00003689F692A4633462146BC46BDE8F041A4
:10F1D0006047BDE8F081704700207047814208B564
:10F1E0000ED0406803782A2B0CD049680B782A2B64
:10F1F00008BF0131F1F702FDB0FA80F0400908BD07
:10F200000120FCE70020FAE77FB500241023CDE9B8
:10F210000234036815469E6912686B46CDE90044C6
:10F22000B0479DF8043003F00603062B03BF009B94
:10F230002B600120204604B070BD009890420CBFA6
:10F24000062001207047000010B5034B0360044600
:10F25000FFF7C1FF204610BD782C010810B5044609
:10F26000FFF7F2FF2046082100F042F8204610BDCB
:10F270002DE9F0411F46DDE90834DDF81880984596
:10F280000646154607D10799FFF7A8FF18B1657123
:10F290000020BDE8F08139463046FFF79FFF002887
:10F2A000F6D00123C4F800802571A371F0E738B5CA
:10F2B00015461C46FFF792FF20B10823E3600623A2
:10F2C0002560237138BD2DE9F04105460C461646F0
:10F2D0001F46FFF783FF48B9032F07D8236832463C
:10F2E000294620465B69BDE8F0411847BDE8F0813A
:10F2F00000F084B80378472B17D143784E2B14D1F4
:10F300008378552B11D1C378432B0ED10379432B2E
:10F310000BD143792B2B08D183792B2B05D1C079C5
:10F3200001288CBF0020012070470020704710B5D5
:10F33000044648B100F039F82046FFF7DBFF18B16A
:10F3400054F8140CFFF7A2FEFFF7ACFE10B502460E
:10F35000FFF7D0FF38B152F8184C104600F025F8EE
:10F360002046FFF7A4FE104600F01FF8FFF7ACFEA2
:10F370000378472B17D143784E2B14D18378552B24
:10F3800011D1C378432B0ED10379432B0BD1437991
:10F390002B2B08D183792B2B05D1C07901288CBF69
:10F3A0000020012070470020704738B50446FFF761
:10F3B000EBFB056802462046A4F12001FFF7D8FFC9
:10F3C00028B90DB1FFF76EFE1160284638BD54F81C
:10F3D0000C3C002BB4BFC3F10103013344F80C3CD7
:10F3E00053688D4203F1FF33536020461CBF44F83D
:10F3F000105C1160656A01F0D5FBE6E702F0FAB82F
:10F4000008B52DED028BB0EE408A00F06BFAB4EE39
:10F41000488AF1EE10FAF0EE408A0AD6B0EE480AB9
:10F4200000F04AF9F7EE007AB4EEE70AF1EE10FACE
:10F4300004DCB0EE680ABDEC028B08BD02F07CFA79
:10F44000BDEC028B034621221A600248BDE8084049
:10F4500000F074B91424010808B52DED028BB0EE4C
:10F46000408A00F071F9B4EE488AF1EE10FA06D63F
:10F47000DFED098AB4EEE88AF1EE10FA02D4BDECB1
:10F48000028B08BD02F058FA88EEA80ABDEC028B88
:10F490002123036008BD00BF0000000038B510EE56
:10F4A000105A25F00044B4F1A14FF0EE407A0DD38C
:10F4B000B4F1FF4F5BD8DFED517A9FED517A002D0B
:10F4C000CCBFB0EE470AB0EE670A38BD4D4B9C4248
:10F4D0005CD8B4F1445F4DD34FF0FF3327EEA76AF9
:10F4E0009FED495A9FED497ADFED495ADFED494AD0
:10F4F00066EE066A5A1CA6EE857AE6EEA54A9FEDF0
:10F50000465ADFED465AA7EE265AE4EEA65A9FED7C
:10F51000447ADFED444AA5EE267AE5EEA64A9FED51
:10F52000425ADFED425AA7EE265A9FED417AA4EEE9
:10F53000A67AE5EE265A27EE267AA5EE867A27EEFB
:10F54000877A38D03B493C4A01EB8301D1ED006A10
:10F5500037EE667A02EB8303D3ED006A37EE677A03
:10F56000002D36EEC70AB0DAB1EE400A38BD30EEF3
:10F57000000A38BD9FED317A30EE077AF7EE006A67
:10F58000B4EEE67AF1EE10FAA6DD38BD00F094F89C
:10F590002B4B9C4212D8A3F5D0039C4223D8F0EE0B
:10F5A000007ABFEE007AA0EE277A002330EE270A19
:10F5B000C7EE007A92E737EEC70A38BD214B9C426E
:10F5C0000BD8F7EE087AB7EE007AA0EE277A02237E
:10F5D00030EE670AC0EE077A80E7BFEE007AC7EE2A
:10F5E000007A03237AE7F7EE007A30EE677A30EE9E
:10F5F000270A0123C7EE007A70E700BFDB0FC9BFFF
:10F60000DB0FC93FFFFFDF3ED769853C59DA4B3D31
:10F6100021A215BD6BF16EBD356B883D95879DBDF3
:10F620006E2EBA3D388EE3BD2549123EABAAAA3EE6
:10F63000CDCC4CBE9C2C0108AC2C0108CAF24971FF
:10F64000FFFF973FFFFF1B4010EE103A184923F0D1
:10F6500000428A421BD9B2F1FF4F02D330EE400A7A
:10F66000704700B583B0684600F062FA00F003000E
:10F670000128DDED010A9DED000A0CD0022812D010
:10F6800070B1012000F0E6F803B05DF804FBDFED97
:10F69000090A00F05DB800F0DDF8B1EE400AF3E7CA
:10F6A00000F056F8F0E700F053F8B1EE400AEBE74F
:10F6B000D80F493F0000000010EE103A23F000433D
:10F6C00000EE103A704700BF10EE103A194923F0CF
:10F6D00000428A421CD9B2F1FF4F02D330EE400AF9
:10F6E000704700B583B0684600F022FA00F00300CE
:10F6F0000128DDED010A9DED000A0ED0022813D08D
:10F7000070B100F025F8B1EE400A03B05DF804FBDB
:10F71000DFED090A002000F09DB800F019F8F4E7C9
:10F72000012000F097F8F0E7012000F093F8B1EE27
:10F73000400AEAE7D80F493F000000009FED010AA8
:10F74000704700BF0000C07FB1EEC00A704700BF25
:10F7500010EE103A23F00043B3F1485F2CD2FDEED7
:10F76000C07A17EE903A002B60D060EE007A9FEDE1
:10F77000317A9FED315ADFED315A9FED316ADFED7D
:10F78000316AA7EE875A9FED307AE5EE275AA7EE49
:10F79000A56AA7EE867AE7EE876A67EEA66A60EE4C
:10F7A000C00AB6EE007AE7EEA60AB7EE000AD7EE78
:10F7B000870A30EE600A704760EE007A9FED1D7A8E
:10F7C0009FED1D5ADFED1D5A9FED1D6ADFED1D6A8D
:10F7D0001E4AA7EE875A93429FED1B7AE5EE275A01
:10F7E000A5EEA76AA6EE277AE7EE276A66EEA76A75
:10F7F000D5D9174A934214D803F17F4307EE103A44
:10F80000B7EE006A36EE476A60EEC00AF6EE005ABE
:10F8100097EEA57AE7EEA60A37EE607A36EE470A4B
:10F820007047B6EE076AB5EE027AEDE7B7EE000A6A
:10F83000704700BF4ED747ADF6740F317CF293B4DA
:10F84000010DD037ABAA2A3D610BB6BA9999993E02
:10F850000000483F10EE103A23F00043B3F1485F38
:10F8600004D2FDEEC07A17EE903A5BB360EE007AF8
:10F870009FED157ADFED155A9FED156ADFED156ADC
:10F88000E7EE875A9FED147AA5EEA76A20EE275A75
:10F89000E6EE276AA6EEA77A30B9DFED106AE7EE4A
:10F8A000876AA6EE850A704727EE457AF6EE006A6B
:10F8B000A0EEA67ADFED0A6AD7EE270AE5EE260A61
:10F8C00030EE600A704700BFD3C92E2F342FD7B255
:10F8D0001BEF3836010D50B98988083CABAA2ABE07
:10F8E000ABAA2A3E08B510EE102A22F00043B3F16D
:10F8F0007E5F2DED028B12D00AD8B3F17C5F19D256
:10F90000B3F10C5F6ED8BDEC028B9FED780A08BD99
:10F9100070EE407A87EEA70ABDEC028B08BDBDEC05
:10F92000028B9FED730ADFED737A002AC8BFB0EE39
:10F93000670A08BD002AC0F29280F7EE008A38EE0E
:10F94000C00AF6EE007A20EE278AB0EE480AFFF7EA
:10F95000FBFEDFED697A9FED697A9FED696ADFED65
:10F96000695ADFED696AA8EE277ADFED687AA7EEBB
:10F97000086AE8EE257ADFED665A9FED667AE6EED4
:10F98000086AE7EE885ADFED647AA6EE887AE5EE3B
:10F99000887A10EE103A23F47F63B0EE476A23F0C2
:10F9A0000F039FED5E7AF0EE676A07EE903AA6EEDF
:10F9B000087AF0EE485AE7EEE75AE6EE888A30EE2B
:10F9C000276A27EE087AC5EE866A87EE286ABDECBC
:10F9D000028BB0EE667AA0EE067A37EE870A30EE3A
:10F9E000000A08BD20EE007ADFED437A9FED436AFE
:10F9F000DFED436A9FED435ADFED435AA7EE276AD6
:10FA0000BDEC028BE6EE076ADFED407A9FED406ABF
:10FA1000E7EE057AE6EE875AA7EE876A9FED3D5A34
:10FA2000DFED3D7ADFED3D6AA5EE875AE6EE077A17
:10FA3000E5EE076AF7EE005AE7EE875A26EE877A78
:10FA40009FED376ADFED377AC7EE256AB0EE467A6A
:10FA5000A0EE667A30EE470A37EEC00A08BDB7EE70
:10FA6000007A30EE070AF6EE007A60EE277ADFEDD4
:10FA7000226A9FED226ADFED224ADFED225A9FEDD6
:10FA8000225A9FED268AA7EEA66ADFED206AE6EEEF
:10FA9000274AE7EEA56ADFED1E5A9FED1E6AA4EE27
:10FAA000A75AE6EEA75ADFED1C6AA5EE276AE5EE37
:10FAB000A76AA6EE278AA6EEA77A28EE278AF0EE96
:10FAC000478AB0EE670AFFF73FFE88EE286A9FED8F
:10FAD000167ADFED167AA0EE067AF0EE006A37EEBF
:10FAE000007AE7EE667AB0EE670A15E7DB0FC93FEA
:10FAF000DB0F49400000000008EF1138047F4F3A47
:10FB0000461124BD2EC69D3DA80A4E3E613330BF2E
:10FB10002D57014090B0A6BE39D119C0ABAA2A3EDC
:10FB20006821A233DA0FC93F6821A2B3DA0F494036
:10FB300070B510EE103A884A23F00044944286B023
:10FB4000054671D9854A94421E4624D823F00042C6
:10FB5000002BDFED837A834922F00F02B0EE407A6A
:10FB600040F3E0808A4270EE677A09BF9FED7E7AAB
:10FB7000DFED7E6ADFED7E6A77EEC77A37EEE67AF2
:10FB800077EEC77A80ED007A77EEE67AC0ED017AFB
:10FB9000012006B070BD774A944252D9B4F1FF4FAC
:10FBA00048D2E215863AA4EBC25307EE903ABDEE76
:10FBB000E77ADFED716AB8EEC77A77EEC77A8DED36
:10FBC000037A67EEA67ABDEEE77AB8EEC77A77EEEB
:10FBD000C77A8DED047A67EEA67AF5EE407AF1EEFB
:10FBE00010FACDED057A40F09880B5EE407AF1EE4E
:10FBF00010FA0CBF012302236049019102210091F8
:10FC000003A8294600F0C4F8002EC2DA95ED007A68
:10FC1000D5ED017AB1EE477AF1EE677A85ED007A9B
:10FC2000C5ED017A4042B4E7002285ED000A42604A
:10FC30000020AEE770EE407AC0ED017AC0ED007AA8
:10FC4000F6E7FFF739FD9FED4E7A9FED456AF6EE38
:10FC5000007AE0EE077A9FED457AFDEEE77A17EE3F
:10FC6000900AF8EEE76A1F28A6EEC60A66EE877AC3
:10FC7000B1EE666A20DC434A411E26F0004352F88A
:10FC8000212023F0FF03934216D030EE677A30EE46
:10FC9000470A002E30EE670A85ED007A85ED010AED
:10FCA000BFF677AFB1EE477AB1EE400A85ED007A44
:10FCB00085ED010A40426CE730EE677AE21517EEF7
:10FCC000103AC3F3C753C3EBD453082BDFDD9FEDCA
:10FCD000267A9FED275AF0EE405AE6EE075A70EE6C
:10FCE000657AE6EE077AD6EE857A35EEE77A17EE94
:10FCF000103AC3F3C753D21A192A10DD9FED227AA6
:10FD00009FED225AB0EE650AA6EE070A75EEC07A9C
:10FD1000E6EE077AD6EE857AB7E703236CE7B0EE16
:10FD2000650AB4E78A4270EE277A09BF9FED0E7A22
:10FD3000DFED0E6ADFED0E6A77EE877A37EEA67A90
:10FD400077EEC77A80ED007A77EEA67AC0ED017A79
:10FD50004FF0FF301DE700BFD80F493FE3CB1640FF
:10FD6000800FC93FD00FC93F004435374344353772
:10FD700008A3852E800F4943000080433C2D0108D5
:10FD800084F9223FBC2C010800A3852E32318D243A
:10FD90002DE9F04F2DED048BDBB00C46814611466A
:10FDA0006898964A04931E4623460C1D52F820502C
:10FDB00006F1FF37C0F2AF82CA1E48BF0A1DD2103B
:10FDC00003920132D2000692069A0398EE19A1EB33
:10FDD0000202A0EB070019D401369FED897ADDF805
:10FDE000A4C106441EAC9E460028A4BF5CF8203087
:10FDF00007EE903A00F10100ACBFF8EEE77AF0EEC2
:10FE0000477AB042E4EC017AEED17346002DC0F29D
:10FE1000D28204981EAC04EB80064FEA800805EB02
:10FE2000000E0DF58C7C3C4609EB8000002FDFEDC9
:10FE3000747A09DBB346CA46FAEC016A3BED017AF3
:10FE40008245E6EE877AF7D101347445ECEC017A0D
:10FE500006F10406EAD10DF1280A0AEB8500CDE986
:10FE6000073104389FED689ADFED668A059009EB4B
:10FE70000804AB460AEB850846AE019510465AAB1E
:10FE800003EB8B03BBF1000F13ED140A16DD06EB39
:10FE90008B03524660EE097AB0EE407AFDEEE77AC7
:10FEA00073ED016AF8EEE77AB342A7EEE87A37EE2F
:10FEB000A60ABDEEC77AA2EC017AEBD1029000F05F
:10FEC0009DFAF4EE007AB0EE408A20EE270A00F0A8
:10FED00007FBF2EE007AA0EE678A02980028FDEE9A
:10FEE000C89AF8EEE97A38EE678A6EDD0BF1FF3CCE
:10FEF000C0F108035AF82C2042FA03F505FA03F37F
:10FF0000D21AC0F1070119EE903A42FA01F12B44DE
:10FF100000294AF82C2009EE903A00F36681B5EEEC
:10FF2000408AF1EE10FA40F0BA80019B9B450BDD50
:10FF30000AEB8B03002253F8045D434542EA0502B5
:10FF4000F9D1002A40F06F81019B013B5AF8233020
:10FF5000002B40F05F81059B012153F8042D0131F6
:10FF6000002AFAD00BF1010359449C46039D049AE0
:10FF700003EB050E0EF1804E699D5A440EF1FF3ED3
:10FF800006EB830B1EAB05EB8E0E03EB8205DEED5D
:10FF9000017AF8EEE77A002F0EF1040EE5EC017A13
:10FFA000DFED177A09DB2A464B46F3EC016A32EDA6
:10FFB000017AA342E6EE877AF7D10CF1010C614594
:10FFC000EBEC017AE3DA8B4659E740F004810BF160
:10FFD000FF335AF82310C9110029A0DD19EE903A19
:10FFE000BBF1000F03F1010309EE903A40F3E78102
:10FFF0000025D4462A460291864619E08030010841
:020000040801F1
:1000000000000000000080430000803B0135AB454C
:1000100041F8040C40F303810B680CF1080C013526
:10002000C3F1FF03AB454FF001024CF8043C0DDD7A
:10003000614651F8043B002A40F0CB80C3F5807044
:10004000002BE3D10135AB458C46F1DC02997046BB
:1000500000280CDD012800F0D480022807D10BF124
:10006000FF355AF8253003F03F034AF825300229BE
:100070007FF455AFB7EE000A30EE488A002A3FF40D
:100080004EAF0991029000F0B9F938EE408A02981B
:100090000999B5EE408AF1EE10FA3FF446AF079B9E
:1000A000019D029101930899069B0390B0EE480AC6
:1000B000581A00F0A3F95FED2D6A019B039AB4EE84
:1000C000E60AF1EE10FAF0EE407AC0F24E811FED32
:1000D000327A20EE077A0BF10104BDEEC77A0832BE
:1000E000B8EEC77AE7EE667ABDEEC77AFDEEE77A3C
:1000F00017EE901A4AF82B1017EE101A4AF824102F
:100100001046B7EE000A019300F078F9002C019B2D
:10011000B0EE407AC0F24581601C46AE5FED466AA3
:1001200081000AEB800206EB800072ED017AF8EEA6
:10013000E77A524567EE877A27EE267A60ED017AF4
:10014000F3D10DF1C8080A1F46A88718C646A44671
:1001500000269946002DC0F2E380A64BDFEDA67A7B
:100160003846002201E0964208DBF3EC016AB0EC6D
:10017000017A01329542E6EE877AF4DA0CF1FF3C1F
:10018000BCF1FF3FEEEC017A06F10106A7F104078E
:10019000E0D1689A022A4B465DDC002A00F3C38056
:1001A0000ED1DFED957A414431ED017A884577EE45
:1001B000877AF9D1029A0AB1F1EE677AC3ED007A33
:1001C00019EE903A03F007005BB0BDEC048BBDE87C
:1001D000F08F8C4623E7F6EE007AB4EEE78AF1EE74
:1001E00010FA80F28680002199E60133BBF1000FFE
:1001F00009EE903AD8BF00223FF7FAAE01287FF40B
:100200002CAF0BF1FF355AF8253003F07F034AF885
:1002100025302CE70BF101039C461946A6E602990E
:100220007046012214E70BF1FF3402915AF82410B2
:10023000019D079BA0F1080200297FF461AF0BF13B
:10024000804101390AEB810151F8040D013C083A63
:100250000028F9D054E7689A032AB1D1002C00F0A5
:10026000BA8008EB840595ED007A2A46A00029465D
:1002700071ED017AF0EE476A37EE277A414577EE65
:10028000C77A81ED007A77EEA67AC1ED017AEFD1D7
:10029000012C00F0A08095ED007A08F1040172EDC8
:1002A000017AF0EE476A37EE277A914277EEC77A05
:1002B00082ED007A77EEA67AC2ED017AEFD1021DC7
:1002C000DFED4D7A424408F1080832ED017A90459D
:1002D00077EE877AF9D1029ADDED326A9DED337AB5
:1002E000002A4AD1C3ED006A83ED017AC3ED027A98
:1002F00066E719EE903ABBF1000F03F1010309EE36
:10030000903AC8BF02213FF773AEF7EE007A37EE9E
:10031000C88A022103E6082206920022039253E5CE
:10032000DFED357A2AE79FED347A414471ED017AA9
:10033000884537EE277AF9D1DDED327A029A77EEE9
:10034000C77A3ABB83ED007A64B133A90122B1ECDC
:10035000017A0132944277EE877AF8DA029A0AB18A
:10036000F1EE677AC3ED017A2AE7FDEEC07A5C46CA
:1003700017EE901A4AF82B10C2E6F1EE666AB1EE5B
:10038000477AF1EE677AC3ED006A83ED017AC3ED37
:10039000027A15E7B1EE477A83ED007A002CD4D1CA
:1003A000DEE7689A022A12DC002A17DC7FF408AF25
:1003B000DFED117AFEE604984FEA80084BE502294A
:1003C0007FF4ADADF7EE007A37EEC88AA7E5689AFC
:1003D000032A7FF4F5AEDFED087A7CE7029ADDEDC3
:1003E000327A12B900221A60BCE74FF000421A605C
:1003F000B6E700BF543001080000000010EE103ACC
:1004000033F000411A4627D0B1F1FF4F21D213F04B
:10041000FF4F22D1DFED2B7A2B4A60EE277A9042F4
:1004200017EE903A33DB4CF2503CC3F3C7516045B2
:100430001A46A1F1190116DDDFED247ADFED246AF9
:10044000002BB0EE677AB8BFF0EE667A27EE870A27
:10045000704730EE000A704770474CF2503C6045E0
:100460004FEAD151E8DC0144FE29E5DC002915DC26
:1004700011F1160F19DB193122F0FF4242EAC15285
:1004800007EE902A9FED130A27EE800A7047DFEDF2
:10049000127A07EE103A27EE270A704722F0FF4241
:1004A00042EAC15300EE103A7047DFED0B7ADFED00
:1004B0000B6A002BB0EE677AB8BFF0EE667A27EED3
:1004C000870A70470000004CB03CFFFFCAF2497138
:1004D000CAF249F1000000336042A20D6042A28DD1
:1004E00010EE102AC2F3C7537F3B162B22F00041B7
:1004F00029DC002B104618DB1A4919410A4221D089
:10050000DFED197A70EE277AF5EEC07AF1EE10FA87
:1005100018DD002A04DA4FF4000242FA03F318440B
:1005200020EA010300EE103A7047DFED0F7A70EE1B
:10053000277AF5EEC07AF1EE10FA03DD002A08DB27
:100540009FED0A0A7047B1F1FF4FFBD330EE000A6E
:100550007047DFED077A0029BFEE000A08BFB0EE52
:10056000670A7047FFFF7F00CAF249710000000070
:10057000000000802DE9F047089D0C46002B4ED16D
:1005800094468C458646B2FA82F262D94AB1C2F1EB
:100590002003914020FA03F30CFA02FC194300FAFD
:1005A00002FE4FEA1C471FFA8CF6B1FBF7F44FEA44
:1005B0001E4307FB141143EA014304FB06F1994271
:1005C0000AD91CEB030304F1FF3080F01281994239
:1005D00040F20F81023C6344591A1FFA8EF3B1FBBB
:1005E000F7F007FB101143EA014300FB06F69E42B9
:1005F0000AD91CEB030300F1FF3180F0FC809E421E
:1006000040F2F980634402389B1B40EA0440002119
:100610001DB1D3400022C5E90032BDE8F0878B420E
:1006200005D90DB1C5E9000100210846F5E7B3FA87
:1006300083F1002946D1A34202D39042C0F0F0805A
:10064000861A64EB03030120002DE6D0C5E90063A0
:10065000E3E7002A40F09080A1EB0C044FEA1C482D
:100660001FFA8CF70121B4FBF8F64FEA1E4308FB92
:10067000164443EA044307FB06F0984208D91CEBF2
:10068000030306F1FF3402D2984200F2CD802646E1
:100690001C1A1FFA8EF3B4FBF8F008FB104443EA6F
:1006A000044300FB07F79F4208D91CEB030300F14A
:1006B000FF3402D29F4200F2B0802046DB1B40EAAA
:1006C0000640A5E7C1F120068B4022FA06F71F433A
:1006D00020FA06FC04FA01F343EA0C03F44000FAA2
:1006E00001F8380C4FEA1349B4FBF0FE1FFA87FCFF
:1006F00000FB1E4449EA04440EFB0CF9A14502FA32
:1007000001F20AD93C190EF1FF3A80F08480A1452C
:1007100040F28180AEF1020E3C44A4EB09041FFAC2
:1007200083F9B4FBF0F300FB134449EA044403FBF0
:100730000CFCA44507D93C1903F1FF3067D2A4454E
:1007400065D9023B3C4443EA0E40A0FB0293A4EB74
:100750000C049C42CE469C4651D34ED055B1B8EBCA
:100760000E0364EB0C0404FA06F6CB401E43CC40A7
:10077000C5E90064002150E7C2F1200320FA03F12B
:100780000CFA02FC24FA03F394400C434FEA1C4891
:1007900000FA02FE1FFA8CF7B3FBF8F008FB1031E9
:1007A000230C43EA014300FB07F1994208D91CEBF3
:1007B000030300F1FF362CD299422AD90238634450
:1007C0005B1AA4B2B3FBF8F108FB113344EA03440B
:1007D00001FB07F3A34208D91CEB040401F1FF3627
:1007E00013D2A34211D902396444E41A41EA004108
:1007F00039E70446F0E6084606E7C845AED2B9EB4D
:10080000020E63EB070C0138A8E73146EDE703461B
:1008100099E73046D4E7D6467FE7634402384DE790
:100820000646234608460FE7023E634430E700BF12
:1008300003685A004CBF43F0004323F000431844C0
:10084000704700BF2DE9F84349B34F1E04461546D3
:100850003E464FF0000909EB060101EBD17149104A
:1008600004EBC1084046FFF7E3FF8F4203464FEA1F
:10087000C1000FD00830AB42204407D8FFF7D8FFA3
:100880000138A84208D201F10109E4E7894506D000
:100890004E1EE0E7AB42F9D84046BDE8F8834FF082
:1008A00000084046BDE8F883012807D0022807D099
:1008B000044B00280CBF18460020704702487047C0
:1008C00002487047590F0108610F0108690F0108BC
:1008D00030B5214B83B004468D1E1BB301A92846B9
:1008E000AFF3008088B301992A46FFF7ABFF0146BA
:1008F00058B3FFF79DFF4B68A064012B28D0002B55
:1009000001F104001FDBFFF793FF00232365036859
:10091000E064002B0DDBFFF78BFF03460020236113
:1009200003B030BD0D4B0E49C91AC91018460191CC
:10093000DAE7C3F30360FFF7B7FF034628B10020EF
:10094000236103B030BD0123E0E700230920E6E77F
:1009500000230520E3E700BF00000000103201087B
:10096000E83201080368DA0710B5044606D49B078D
:1009700000F1480009D5F0F77DF82368590709D53B
:100980001A070ED5DB0613D510BDF0F76BF82368F8
:100990005907F5D404F1D000F0F774F823681A076A
:1009A000F0D404F5A870F0F775F82368DB06EBD4F3
:1009B00004F5E870BDE81040F0F7B0B803460068F1
:1009C00000B11844704700BF704700BF70B50446BF
:1009D0000E46316C2046FFF77BFF054688B9326C26
:1009E0006261236932462146012098470828F0D0E9
:1009F000072806D12846316CFFF7E6FF301DF0F7D7
:100A000025F8FFDE2DE9F0470D1DD0F80C80D0F859
:100A10001890074614460FCDADF5727D0DF10C0C04
:100A2000ACE80F000FCDACE80F000FCDACE80F0025
:100A300095E80F0002AE4FF0000E8CE80F00C6F8EC
:100A400000E020E0336C7B614FF4F07231467AA80D
:100A500000F09EFF3B697AAA394650469847889B2A
:100A600073642146CDE9006905463B463A460120BC
:100A7000C047044618BB4FF4F0727AA9304600F024
:100A800087FF082D19D1316C3846FFF721FF093453
:100A90005FFA84FA05460028D4D0B36B73643A46F3
:100AA000CDE900693B464AF010010120C04730B94A
:100AB00028460DF5727DBDE8F087072D05D0092584
:100AC00028460DF5727DBDE8F0872046316CFFF7B2
:100AD0007BFF03A8EFF7BAFFF0B5CB6B0B6401F116
:100AE000040C0E460546BCE80F00F9B001AC0FC47B
:100AF000BCE80F000FC4BCE80F000FC49CE80F0057
:100B00004FF0FF3784E80F00009706E02B696A4634
:100B1000294698470828044608D110992846FFF727
:100B2000D7FE0028F2D0092079B0F0BD6846FFF763
:100B300019FF062CF7D131462846FFF747FF00BFC3
:100B4000C160D96B8261196400221946FFF75ABF50
:100B500070B5C66843690B64AEB903690A460446BA
:100B60000D46014602209847072805D008280ED1D7
:100B700029462046FFF72AFF3046296CFFF724FF5D
:100B8000281DEFF763FF0122FFF73CFFFFDEFFDECA
:100B9000C26822B1CA6B0A640022FFF733BFFFF7B5
:100BA0009BBF00BF704700BF012910D009D883B98F
:100BB0000F2A0ED800EB820218465368009A136081
:100BC0007047033901298CBF022001207047084675
:100BD00070470220704700BF00B585B00A46002369
:100BE00003A900911946FFF7DFFF039805B05DF8F0
:100BF00004FB00BF012910D009D883B90F2A0ED8F1
:100C0000009900EB82020968516018467047033969
:100C100001298CBF0220012070470846704702203E
:100C2000704700BF10B584B0002303AC039200945A
:100C30000A461946FFF7DEFF04B010BD70B5D36B4E
:100C4000136402F1040C05460C46BCE80F00ADF538
:100C50000E7D0DF15C0EAEE80F00BCE80F00AEE8B3
:100C60000F00BCE80F00AEE80F009CE80F004FF04B
:100C7000FF368EE80F00169610E0FFF7D3FF2146EF
:100C800016A8A847034616AA6946082083B9049BFC
:100C90009847052806460CD0092809D026996846A9
:100CA000FFF716FE03466A460C2116A8002BE4D077
:100CB000092616A8FFF756FE30460DF50E7D70BDCD
:100CC0002DE9F04F9346CA6C89B00D4652F8041BCB
:100CD000069200F0030C002B79D00C0C8DF81D400F
:100CE0000904E4B2059102EB840202212F6D8DF814
:100CF0001C10BCF1020F08BFAA6B17F001070CD043
:100D000005A9584600F0B4FA18B9082009B0BDE8A2
:100D1000F08F092009B0BDE8F08F1668002EEFD0E3
:100D200000F008010191B246029764469946B9F174
:100D3000020F48D0B2F800A0568802F10408AA6C4D
:100D400026F001030F2158469F18FFF745FF874201
:100D500037D82AF001023A44824294BF002201228D
:100D6000730003F002030AF0010A43EA0A03012BAD
:100D700047D0022B31D0002BCBD114B1002A40F048
:100D8000C98008F10402D2F800A0BAF1000FCED158
:100D900005A95846029F00F06BFA0028B9D1002F30
:100DA000B3D00F215846FFF717FF0E2102465846D1
:100DB000FFF738FF674A0F215846FFF733FF072038
:100DC000A8E70022CCE7566802F10808B7E7090255
:100DD00005918DF81D30032188E7D8F8006026F0D2
:100DE0000043002C44D122B1019A002A5AD0002B92
:100DF00058D0002E01DA08F10408013308EB830211
:100E0000C1E7ECB9CAB1D8F80430D8F80020991C71
:100E10004FEAD2723FF47DAF05F1580101330491DE
:100E200000F08B8008F10400FFF7C8FD04AB014619
:100E30002846FDF721FE002857D108F10802A2E755
:100E40000D215846FFF7C8FE2B6A8342F5D1AB6AE5
:100E50009845F2D14046FFF7EBFC0F210246584679
:100E6000FFF7E0FE2A4600215846FFF7DBFEA6E723
:100E70000D2158460393FFF7AFFE2A6A039B824277
:100E8000B7D1AA6A9045B4D100270422C5E90B72F4
:100E90004244AB626A63D8F80020BA4255DB0122B3
:100EA0000292AAE7039408F1040A002605F1580704
:100EB0001C460DE050460497FFF780FD00220146D6
:100EC00004AB284601360AF1040AFDF7D5FDE0B966
:100ED000A642EFD10D215846FFF77EFE049BC5F8D0
:100EE0002880C5E90803062014E704460D2158466A
:100EF000FFF772FE049E2862022C04BFEE6205F129
:100F00002C06C5E90968062004E72346D8F80060E6
:100F1000039C6EE74046FFF78BFC08F10402044691
:100F2000AA632846FDF7F8FD00283FF4F2AE2246FA
:100F30000F215846FFF776FE41E70C4658460D2133
:100F4000FFF74AFE26462862DBE7581C08EB8000C4
:100F500081E700BF4DF300080023FFF7B1BE00BFDB
:100F60000123FFF7ADBE00BF0223FFF7A9BE00BFFC
:100F70002DE9F0430646C3B015461C46042900F28D
:100F8000D180DFE801F0AC51CF2A0300002C40F003
:100F9000C980102A00F2C6800368DC0600F1E780F1
:100FA00020AF3846EFF7C4FDB46B394600234FF04D
:100FB000010C0CFA03F22A42204603F1010303D08C
:100FC00050F8042B0A600446042B01F10401F0D10F
:100FD000B4633846EFF7A2FD99E0032C40F0A280FD
:100FE00094B204EB1243102B4FEA124500F29A80A0
:100FF00003681F0700F1C38020AF3846EFF76CFD90
:10100000B26B07EBC50154B10B46D01A01EBC4011A
:10101000E4001D5843F8045B8B42FAD12244B263CA
:101020003846EFF737FD72E0012C4FEA124895B2CF
:1010300071D0052C76D108EB0509B9F1200F71D8D4
:10104000B8F10F0F72D8B9F1100F036800F29F804A
:10105000D90708D523F00103304643F0020340F8D6
:10106000483BEFF70BFD20AF3846EFF707FDB36BBA
:10107000002D00F0B9806D006A1E07EBC801002545
:101080000132043903EB820253F8040B41F8040FD8
:101090009342F9D1002D00F0A1804146102938BFBC
:1010A00010216B0010396F46013B07EBC101013382
:1010B000043902EB830352F8040B41F8040F9A42FF
:1010C000F9D1012C00F08880B8F10F0FB26302D87B
:1010D00020A8EFF7CFFC3846EFF7D4FC17E00CBBA5
:1010E000806B23461FFA82FC0124371D04FA03F1AA
:1010F00011EA0C0F024604D052F8041B47F82310E3
:1011000010460133102BF1D1AC0400D4B0630020A1
:1011100043B0BDE8F08308EB0503102B02D8B8F10B
:10112000100F14D1022043B0BDE8F083002DEED0A3
:1011300003685A075CD46F463846EFF7A7FCB26BDA
:101140006B00A8F11001013B07EBC101AFE7036899
:10115000DA0759D420AF3846EFF788FCB36B002D7F
:1011600089D10433B3633846EFF77CFCCFE723F033
:101170001003036000F5E870EFF7DAFC10E723F0E6
:101180000803036000F5A870EFF7A6FC34E7D90761
:1011900008D523F0010343F0020340F8483BEFF782
:1011A0006DFC3368580706D5304623F0040340F839
:1011B000D03BEFF76BFC20AF3846EFF75FFC68469B
:1011C000EFF764FCC8F110025200B36BA9F11005EF
:1011D000013A07EBC80153E720AFC2E7012CC0D0AA
:1011E000B8F10F0FB36392D83846EFF743FC8EE7A0
:1011F00023F0040340F8D03B6F46EFF747FC384636
:10120000EFF744FCB26B9BE7304623F0030340F852
:10121000483BEFF72BFC9DE7027A03467AB9427A06
:10122000A2B14168013A10B44272086803220C1D51
:101230001A7202025C60000E10BC1A6070470068EF
:10124000013A1A7202021A60000E7047B02070470D
:1012500000B585B0002303AA009219460C22FFF7BF
:10126000A3FC039805B05DF804FB00BFFFF7F0BFD7
:101270002DE9F043064685B00D464FF0000828469C
:10128000FFF7CAFFB028044600F0DA80070646D50B
:1012900000F0F003802B5ED0B02B73D01BD8902BC6
:1012A00000F09B80A02B12D1C34303F007034FF43F
:1012B0007F621A41010702F47F6201D542F4804245
:1012C000002319463046FFF753FE0028D7D00920E7
:1012D00005B0BDE8F083C02B6DD1C62800F0938027
:1012E000C72800F0B28000F0F803C02B00F0D280D5
:1012F000C82800F0DD80C928E9D12846FFF78CFF17
:10130000020300F00F0002F47022013002430121B9
:1013100005233046FFF72CFE0028B0D0D7E7830026
:10132000DBB21F1D0DF10C0900231946CDF800900A
:101330000D223046FFF738FC039BCDF80090600685
:101340004CBFDF1BFF1800230D22194630460397C0
:10135000FFF750FC93E72846FFF75EFF2402204387
:10136000B0F5004FB3D004010023A2B219463046B5
:10137000FFF7FEFD0028AAD114F4004F18BF4FF06C
:1013800001087CE7B12851D0B22800F0AD80B32825
:101390006DD000F0FC03B42B99D000F007020132AD
:1013A000012342F4002219463046FFF7E1FD0028F0
:1013B0003FF465AF8BE700F0F803D02B87D100F046
:1013C00007020132052342F4002201213046FFF7D3
:1013D000CFFD00283FF453AF79E700F00D030D2B4C
:1013E0003FF475AF03AF002300F00F0219460097DA
:1013F0003046FFF7D9FB002300970D2219463046EF
:10140000FFF7F8FB3BE72846FFF706FF020300F073
:101410000F00013002F470220323024319463046C4
:10142000FFF7A6FD00283FF42AAF50E72846FFF754
:10143000F3FE431EDBB20E2B02467FF641AF46E7BA
:10144000B8F1000F40D0002042E72846FFF7E4FE45
:10145000431EDBB20E2B02463FF639AF00230421B8
:101460003046FFF785FD00283FF409AF2FE72846F7
:10147000FFF7D2FE020300F00F00013002F47022E9
:101480000123024319463046FFF772FD00283FF45E
:10149000F6AE1CE700F00F020132032342F42022D3
:1014A00019463046FFF764FD00283FF4E8AE0EE72A
:1014B0002846FFF7B1FE00F0F00200F00F031032F3
:1014C000013343EA023222E703AC434641460E228F
:1014D00000943046FFF768FB009443460F224146D4
:1014E0003046FFF787FBAEE700230DF10C090D2214
:1014F0001946CDF800903046FFF756FB2846FFF717
:101500008BFE0206039C4FF002070BD500F07F0014
:10151000B840044428460394FFF77EFE030607F113
:101520000707F3D400FA07F204F5017422440023FC
:101530000392CDF800900D2219463046FFF75AFB72
:101540009DE600BF10B5C26C536884B04FF0030C29
:1015500008321C0208461B0E01A9019402928DF864
:101560000CC08DF80D30FFF783FE04B010BD00BF36
:1015700008B5FFF77BFE806C08BD00BF08B5FFF71C
:1015800075FEC06CC379023300EB830008BD00BF59
:1015900008B500F003F808B5FFF7FAFF08B5062014
:1015A00000F048F90120F9F7BDFC0000024B0A46A3
:1015B0000146186800F002B8680D002070B5A1FB64
:1015C00002543CB9294600F03FF8064628B90026E7
:1015D000304670BD0C220260F9E72A46214600F031
:1015E000F9F8F5E7024B0146186800F02DB800BF86
:1015F000680D0020024B0146186800F0D7B900BF03
:10160000680D002070B50F4E0C463168054611B9C3
:1016100000F082F930602146284600F07DF9431C35
:1016200003D14FF0FF34204670BDC41C24F00304E6
:10163000A042F8D0211A284600F06EF90130F2D10C
:10164000EFE700BF3C9800202DE9F843CD1C25F0C2
:10165000030508350C2D38BF0C25002D064601DB8F
:10166000A94204D90C2333600020BDE8F883DFF8D9
:10167000D48000F069F8D8F800301C4644BB2946F5
:101680003046FFF7BFFF431C044658D1D8F800404E
:101690002746002F43D1002C4BD0236839463046D3
:1016A00004EB030900F038F9814542D121686D1A35
:1016B00029463046FFF7A6FF01303AD023682B4475
:1016C0002360D8F800305A6862BBC8F800700FE099
:1016D0002268521B20D40B2A17D96119A342256016
:1016E00018BF5960636808BFC8F8001062514B60AA
:1016F000304600F02FF804F10B00231D20F0070006
:10170000C21A1CBF1B1AA350AFE76268A3420CBFEA
:10171000C8F800205A60EBE723466468AEE73C4611
:101720007F68B6E71A465B68A342FBD1002353608B
:10173000DEE70C233360304600F00CF894E70560D8
:10174000D6E700BF40980020014800F01FB900BF55
:1017500080990020014800F01AB900BF809900204C
:1017600010B504460448134620B10A46022021461B
:10177000AFF3008010BD00BF000000000EB430B514
:101780009CB01FAC4FF4017254F8045BADF8142008
:1017900002900690EFF73CFA0B4B039007900B93E7
:1017A0000A48019400230F9314934FF6FF73ADF88A
:1017B00016302A46234602A9006800F099F91CB0A9
:1017C000BDE8304003B07047D1170108680D002014
:1017D0000020704702440346934200D1704703F84B
:1017E000011BF9E71F2938B505460C4604D9162315
:1017F00003604FF0FF3038BDC26B12B152F8213098
:101800004BB9284600F086F8224601462846BDE836
:10181000384000F06DB8012B0AD0591C03D11623B3
:1018200003600120E7E7002142F824102046984792
:101830000020E0E7024B01461868FFF7D3BF00BF66
:10184000680D0020294B1B68834270B504464BD0BD
:10185000C369ABB1DB686BB10025E369DB6859593B
:1018600000293BD10435802DF7D1E3692046D968A2
:1018700000F09CF8E369196811B1204600F096F871
:10188000616911B1204600F091F8E16911B120467B
:1018900000F08CF8216B11B1204600F087F8616BE5
:1018A00011B1204600F082F8A16B11B1204600F082
:1018B0007DF8A16C11B1204600F078F8616C11B18F
:1018C000204600F073F8E16A11B1204600F06EF88E
:1018D000236A4BB12046BDE8704018470E68204689
:1018E00000F064F83146BBE770BD00BF680D002012
:1018F00038B5074D00230446084611462B60F9F71A
:1019000009FB431C02D12B6803B1236038BD00BF23
:101910007C990020F9F7FCBA38B5064D002304463F
:1019200008462B60F9F704FB431C02D12B6803B176
:10193000236038BD7C990020014B1868704700BFB8
:10194000680D002070B50D4D0D4C641BA4100026D1
:10195000A64209D10B4D0C4C00F038FD641BA410BD
:101960000026A64205D170BD55F8043B98470136C4
:10197000EEE755F8043B98470136F2E7E8320108F4
:10198000E8320108E8320108F83201087047704770
:101990000A44914200F1FF3300D1704710B511F8AD
:1019A000014B03F8014F9142F9D110BD38B50546FE
:1019B000002941D051F8043C0C1F002BB8BFE4189B
:1019C000FFF7C2FE1D4A136833B9636014602846EE
:1019D000BDE83840FFF7BEBEA34208D920682118F1
:1019E0008B4201BF19685B6809182160EDE71A4650
:1019F0005B680BB1A342FAD911685018A0420BD111
:101A000020680144501883421160E0D118685B6877
:101A1000536008441060DAE702D90C232B60D6E744
:101A2000206821188B4204BF19685B68636004BF9B
:101A3000091821605460CAE738BD00BF40980020F3
:101A400038B54B1C144603D14FF0FF35284638BD3E
:101A5000938923F0200393815368526BCDB28AB1EE
:101A6000A26B9A4208DD23685A1E226003F8015CCB
:101A7000636801336360E9E7214600F042FB002818
:101A8000F1D0E1E72169226841B1914206D212F812
:101A9000011CA94202D1013A2260EAE7C4E90F23FE
:101AA00004F1440363630323A363234603F8465FFF
:101AB00023600123DEE710B50C46496B69B104F1E0
:101AC0004403994201D0FFF771FF236C636000204B
:101AD000606313B1E36B236010BD236923600023AF
:101AE0006360A38943F02003A3814FF0FF30F3E745
:101AF0002DE9F0470C46ADF5227D0021CDE94411DA
:101B0000A649A0910DF10408A549A64FCDF818816A
:101B10000646A19100931378002B00F05A81F95CDE
:101B200011F0080102F1010519D06368002B0FDDE7
:101B300023681A78BA5C120701D42A46EBE7459A63
:101B40000132459262680133013A62602360ECE73A
:101B5000A19B2146304698470028E9D0EDE7252B88
:101B600012D099466368002B40F393802268137863
:101B70004B4540F02E816368013B6360459B013219
:101B8000013322604593D8E74191439153782A2B42
:101B900002BF1023951C41930A22A94619F8011B84
:101BA000A1F13003092B1ED9DFF8FCA10322504616
:101BB000EFF736F838B1419AA0EB0A0001238340D1
:101BC000134341934D4615F8013B782B06D8572B0C
:101BD00010D8252BC5D057D8002B65D003234793A9
:101BE0000A2342936BE0439B02FB0311303943917C
:101BF0004D46D2E7A3F15802202AEFD801A151F8AF
:101C000022F000BFF31C0108DD1B0108DD1B0108E9
:101C1000151D0108DD1B0108DD1B0108DD1B010886
:101C2000DD1B0108DD1B0108DD1B0108DD1B0108B0
:101C30002B1D0108111D01088F1C01088F1C0108B4
:101C40008F1C0108DD1B0108051D0108DD1B0108B3
:101C5000DD1B0108DD1B0108DD1B01083B1D010820
:101C60000D1D0108AF1C0108DD1B0108DD1B01086B
:101C7000371D0108DD1B0108111D0108DD1B0108CE
:101C8000DD1B0108F31C0108453B022BA6D80523E8
:101C900014E0A19B21463046984700283FF466AFE8
:101CA0004498002840F08D804FF0FF308DE0419B3C
:101CB00043F40873419310234293042347936368CA
:101CC000002B48DD419B590604D423681A78BA5C7E
:101CD000120747D4479B022B56DC6B46224641A98C
:101CE000304600F07BF8012873D002287FF425AF3E
:101CF000D6E7419A42F40072419210226E2B429232
:101D000002D9DAE7002342930323D7E70823D3E776
:101D10000A22F3E72946404600F0BAF9419B43F016
:101D20004003419305460123C8E7419B43F040032C
:101D300041930023C2E70223C0E74198C3063FF561
:101D4000FCAE009B459A191D00911B68C0074CBF53
:101D50001A801A60F1E6A19B214630469847002878
:101D6000B0D09DE7459A013245926268013A002A57
:101D7000626002DD01332360A7E7A19B2146304664
:101D800098470028A1D08BE7042B0FDC6B46224636
:101D900041A9304600F07CF8A5E700BF411A0108D0
:101DA000B71A01088D3001088D3101080A4B002B4C
:101DB0003FF4C3AE6B46224641A93046AFF30080E4
:101DC00091E7A3895B063FF56FAF0DF5227DBDE876
:101DD000F0874498F9E700BF000000002DE9F843C0
:101DE00015468A6880460C4632B98A69002A14BFB3
:101DF0004FF0FF3201228A602268DFF89090D1060E
:101E00005FBF1A68111D196016680027A06988B1A4
:101E1000012807D12B681A7863699B5C53B9002F9E
:101E200031D022E0022820D12B681B7819F803302A
:101E30001B071AD42368DA065EBF2B681B7806F8E6
:101E4000013B2A686B6801322A60A268013B013AB3
:101E50006B600137A26042B1002BD7DCD4F880312F
:101E60002946404698470028D0D0236813F0100335
:101E700005D1E2680132E260A26902B133702369E0
:101E80003B4423610020BDE8F88300BF8D3001088A
:101E90002DE9F04F98467A4B0C468246164693E859
:101EA000070087B003AB83E80700764BA169764A49
:101EB000032908BF1A46A36801925A1EB2F5AE7FE5
:101EC00088BF6FF4AE75274682BF03EB050940F269
:101ED0005D13A36057F81C3B43F4506398BF4FF069
:101EE000000923603D464FF0000B316803AB0978D1
:101EF00053F82B000222EEF793FE002840D0BBF1EE
:101F0000010F12D162682AB92268082142F40072D6
:101F100061602260226822F4A0622260A268511EE1
:101F2000A160DAB94FF0020BDFE7BBF1020F06D078
:101F3000A268511EA1608AB94FF0010BD5E7226853
:101F400002F4C061B1F5007F1FD142F480722260BB
:101F5000A26810216160511EA160B2B13268511CAB
:101F60003160127805F8012B7268013A002A72601C
:101F700006DCD4F88021314650469047002874D1C1
:101F80000BF1010BBBF1030FAFD163680BB90A234F
:101F9000636063683D496069C91A00F079F84FF0E1
:101FA000000BA368226873B33168606991F800C0C0
:101FB00010F80C0038B3BCF1300F16D1100514D551
:101FC0000BF1010BB9F1000F03D0013309F1FF3917
:101FD000A3607368013B002B73600DDD3368013330
:101FE0003360A368013BA360DBE722F41062226048
:101FF0000B7805F8013BECE7D4F8803131465046C8
:1020000098470028EDD02368D9050DD5BD4209D9E0
:1020100015F8011CD4F87C3132465046984705F13A
:10202000FF394D46BD4228D0226812F0100213D16C
:102030002A706368019E39465046B047D8F8003090
:1020400021681A1DC8F8002011F0200F1B680FD05E
:102050001860E3680133E3602369ED1B5D442B44A2
:102060002361002007B0BDE8F08F4FF0000BCAE7F6
:10207000CA074CBF18801860EBE70120F2E700BFE9
:10208000FC230108D1220108B9230108A13101086C
:1020900070B50B7804465E2B0BBF4B784A1C8A1C2C
:1020A000002108BF0121013804F1FF0500F8011FDC
:1020B000A842FBD10BB9501E70BD81F00101E15463
:1020C0001046024612F8015B2D2D05D05D2D16D06D
:1020D000002DF1D02B46F2E746785D2EFAD0B342C0
:1020E000F8DC02301A4601329642A154FBDCF21AA7
:1020F000013A5D1CB342A8BF0022AB18E1E71046CD
:10210000DAE72DE9F0410C46496B04F144039942AA
:102110001DD14FF48061FFF797FA18B94FF0FF30E7
:10212000BDE8F0814FF48063A36394F846306063A8
:1021300080F8FF3394F8453080F8FE3394F844304B
:1021400080F8FD3300F2FD3020600020E8E7A66B48
:1021500077003A4600F00FF805460028DED000EB85
:102160000608014632464046FFF712FCC4E90D5707
:10217000C4F80080E9E72DE9F041804615460C4699
:1021800021B9BDE8F0411146FFF75EBA2AB9FFF761
:102190000DFC00242046BDE8F08100F00FF98542D7
:1021A000064602D8B5EB500FF4D829464046FFF753
:1021B0004BFA07460028ECD0B5422A46214628BFF4
:1021C0003246FFF7E5FB21464046FFF7EFFB3C4672
:1021D000E0E70000242B2DE9F0478646904601D821
:1021E000012B06D1FFF7A8FB162303600020BDE8F2
:1021F000F08736480D462A4615F8014B065D16F065
:102200000806F8D12D2C24D12C780126951C2BBB47
:10221000302C30D00A2306F1004C0CF1FF3C002298
:10222000BCFBF3F9104603FB19CAA4F13007092FD0
:1022300028D83C46A34234DD571C07D081452DD316
:1022400001D1A2452ADB00FB0340012215F8014B16
:10225000EBE72B2C04BF2C78951CD8E7102BDAD198
:10226000302CD8D12A7802F0DF02582AD3D16C78EA
:1022700010230235CFE72B7803F0DF03582BF6D07D
:102280000823C8E7A4F14107192F01D8373CD1E74B
:10229000A4F16107192F04D8573CCBE74FF0FF3268
:1022A000D4E7531C08D12223CEF800306046B8F1A1
:1022B000000F9CD0691E06E006B14042B8F1000F45
:1022C00095D0002AF6D1C8F8001090E78D300108AB
:1022D000FFF780BF2DE9F043364E86460D4628466F
:1022E00015F8014B375D17F00807F8D12D2C26D1D2
:1022F0002C780127851C3BBB302C32D00A234FF0B1
:10230000FF380026B8FBF3F803FB08F96FEA090968
:102310003046A4F1300CBCF1090F29D86446A34221
:1023200037DDB6F1FF3F07D080452FD301D1A1455E
:102330002CDB00FB0340012615F8014BE9E72B2CB1
:1023400004BF2C78851CD6E7102BD8D1302CD6D1E1
:10235000287800F0DF005828D1D16C78102302359E
:10236000CDE72B7803F0DF03582BF6D00823C6E720
:10237000A4F1410CBCF1190F01D8373CCFE7A4F10F
:10238000610CBCF1190F04D8573CC8E74FF0FF3679
:10239000D2E7731C06D12223CEF80030304632B982
:1023A000BDE8F08307B14042002AF9D006B1691EAA
:1023B0001160F5E78D300108FFF78CBF51F8043C40
:1023C000181F002BBCBF0B58C0187047F8B500BFD2
:1023D000F8BC08BC9E467047F8B500BFF8BC08BC06
:0423E0009E4670475E
:1023E400E8730020080000006F12833A0000000028
:1023F4000000000000000000A3310108A63101081C
:10240400A9310108000610160006101649444C456F
:1024140000000000546D725100000000546D7220E1
:10242400537663005465726D696E616C0000000040
:1024340000000000000054545220524547474553C1
:1024440000000000303132333435363738394142F8
:10245400434445464461656D6F6E0000696E737454
:1024640061736B0042757A7A657200005465737407
:102474000000000064656661756C745461736B00E0
:1024840058240108000000000000000000000000C3
:10249400000000000002000018000000000000001E
:1024A400000000006024010800000000000000009B
:1024B40000000000000000000010000037000000D1
:1024C4000000000000000000682401080000000073
:1024D40000000000000000000000000000020000F6
:1024E4001800000000000000000000007024010833
:1024F40000000000000000000000000000000000D8
:10250400002000002800000000000000000000007F
:102514007824010800000000000000000000000012
:10252400000000000002000018000000000000008D
:1025340000000000493A00001B5B313B33326D0060
:102544002020257325735B6D61696E5D205379735B
:1025540074656D496E6974282920616E6420526F18
:10256400626F74496E6974282920646F6E650D0A60
:10257400257300001B5B306D0000000000000000AC
:102584000102030400000000000000000102030433
:1025940006070809416C6C69616E63655F45430019
:1025A400566973696F6E20436F6D6D20706F72741E
:1025B4000000000043444320436F6E6669670000D7
:1025C40043444320496E746572666163650000008C
:1025D4002020257325735B6672656552544F535DE5
:1025E40020494E53205461736B2053746172740DEF
:1025F4000A257300453A00001B5B313B33316D0003
:102604002020257325735B6672656552544F535DB4
:1026140020494E53205461736B20697320626569AD
:102624006E672044454C415921206474203D205B51
:1026340025665D6D730D0A25730000003120783A1C
:10264400256620793A2566207A3A25662073746FC8
:10265400705F666C61673A256868752069735F63AB
:102664006C616D705F7475726E3A25686875206A66
:1026740061775F636C616D705F666C61673A256852
:10268400687500002020257325735B6273705F6397
:10269400616E5D2043414E20536572766963652007
:1026A400496E69740D0A257300000000202025730B
:1026B40025735B6273705F63616E5D2043414E20DE
:1026C400696E7374616E63652065786365656465BE
:1026D40064204D4158206E756D2C20636F6E7369B4
:1026E4006465722062616C616E6365207468652044
:1026F4006C6F6164206F662043414E206275730DD8
:102704000A2573002020257325735B7D6273705F37
:1027140063616E5D2043414E20696420637261737E
:1027240068202C7478205B25645D206F7220727899
:10273400205B25645D20616C72656164792072653B
:1027440067697374657265640D0A2573000000007F
:10275400573A00001B5B313B33336D002020257357
:1027640025735B6273705F63616E5D2043414E202D
:102774004D41494C626F782066756C6C212066610E
:10278400696C656420746F20616464206D736720D4
:10279400746F206D61696C626F782E20436E7420B3
:1027A4005B256C755D2E2043757272656E742069AD
:1027B4006E7374616E6365206863616E5B25645D2E
:1027C4002074785F69643A5B307825785D0D0A255A
:1027D400730000002020257325735B6273705F63B0
:1027E400616E5D2043414E20627573204255532132
:1027F40020636E743A256C752043757272656E742D
:1028040020696E7374616E63652074785F69643ADD
:102814005B307825785D0D0A257300002020257330
:1028240025735B6273705F75736172745D205553B9
:1028340041525420657863656564206D6178206930
:102844006E7374616E636520636F756E74210D0A17
:10285400257300002020257325735B6273705F75F8
:10286400736172745D20555341525420696E7374C0
:10287400616E636520616C7265616479207265675D
:1028840069737465726564210D0A25730000000084
:102894002020257325735B6273705F757361727496
:1028A4005D205553415254206572726F72206361EA
:1028B4006C6C6261636B20747269676765726564CE
:1028C4002C20696E7374616E636520696478205B83
:1028D40025645D0D0A2573002020257325735B6232
:1028E40073705F7573625D596F752063616E7420D8
:1028F4007265676973746572206D6F726520696EA5
:102904007374616E636520666F72207573622E0D39
:102914000A25730020202573257355534220696EC0
:10292400697420737563636573730D0A25730000FE
:10293400000010001100120013001500160017000B
:1029440019001A001C001D001F002100230025008F
:10295400270029002C002E003100340037003A00F3
:102964003D004100450049004E00520057005C0004
:10297400620068006E0075007B0083008B0093008A
:102984009C00A500AF00B900C400D000DC00E90041
:10299400F70006011501260137014A015D017201A4
:1029A40088019F01B801D201EE010B022A024B02F9
:1029B4006E029302BA02E40210033F037003A403FD
:1029C400DC03170455049704DD0427057505C805C1
:1029D40020067D06E0064907B8072D08A9082D0939
:1029E400B9094D0AEA0A900B400CFA0CC00D910E7D
:1029F4006F0F5A1053115B1272139A14D4152017C7
:102A04008018F519801B231DDE1E0000090B00022F
:102A140004050700000000000000000000000000A2
:102A2400000000000000803F00000000000080BFA4
:102A34000000000000000000000000000000000092
:102A4400000080BF2020257325735B646A695F6D75
:102A54006F746F725D204D6F746F72206C6F73743E
:102A64002C2063616E20627573205B25645D202CCD
:102A7400206964205B25645D0D0A25730000000055
:102A84002020257325735B646A695F6D6F746F72B0
:102A94005D2049442063726173682E204368656336
:102AA4006B20696E206465627567206D6F64652CA8
:102AB4002061646420646A695F6D6F746F725F691A
:102AC4006E7374616E636520746F207761746368DC
:102AD40020746F20676574206D6F726520696E665F
:102AE4006F726D6174696F6E2E0D0A25730000009C
:102AF4002020257325735B646A695F6D6F746F7240
:102B04005D206964205B25645D2C2063616E5F62D7
:102B14007573205B25645D0D0A25730020202573E1
:102B240025735B646A695F6D6F746F725D596F754D
:102B3400206D757374206E6F742072656769737489
:102B44006572206F74686572206D6F746F72732084
:102B54007573696E672074686520415049206F66FB
:102B640020444A49206D6F746F722E0D0A2573003C
:102B74004E31305F5F637878616269763131355FF9
:102B84005F666F726365645F756E77696E64450036
:102B9400782C0108742B01084E31305F5F6378781C
:102BA400616269763131395F5F666F726569676E3C
:102BB4005F657863657074696F6E4500782C0108F1
:102BC4009C2B01084E31305F5F63787861626976CF
:102BD4003132305F5F73695F636C6173735F747903
:102BE40070655F696E666F4500000000042C010883
:102BF400C82B0108642C010800000000F02B010818
:102C0400D5F00008E9F00008D9F10008D9F100086E
:102C1400C7F2000809F20008ADF1000839F1000814
:102C2400FDF00008537439747970655F696E666FDE
:102C340000000000782C0108282C01084E31305F78
:102C44005F637878616269763131375F5F636C61A5
:102C540073735F747970655F696E666F4500000019
:102C6400042C0108402C0108382C01080000000045
:102C7400642C010849F200085DF20008D9F100084B
:102C8400D9F10008C7F2000809F20008AFF2000801
:102C940071F200083BF200086937AC316821223335
:102CA400B40F14336821A2333863ED3EDA0F493F81
:102CB4005E987B3FDA0FC93F000FC93F000F4940C0
:102CC40000CB9640000FC9400053FB4000CB164197
:102CD40000ED2F41000F49410031624100537B4117
:102CE400003A8A4100CB9641005CA34100EDAF411C
:102CF400007EBC41000FC94100A0D5410031E24132
:102D040000C2EE410053FB4100F20342003A0A4282
:102D14000083104200CB164200141D42005C234283
:102D240000A5294200ED2F4200363642007E3C4287
:102D340000C74242000F4942A2000000F90000000F
:102D4400830000006E0000004E00000044000000FC
:102D54001500000029000000FC000000270000000E
:102D640057000000D1000000F5000000340000000E
:102D7400DD000000C0000000DB0000006200000075
:102D840095000000990000003C0000004300000092
:102D94009000000041000000FE000000510000000F
:102DA40063000000AB000000DE000000BB00000078
:102DB400C500000061000000B7000000240000000E
:102DC4006E0000003A000000420000004D000000C8
:102DD400D2000000E00000000600000049000000EE
:102DE4002E000000EA00000009000000D1000000ED
:102DF400920000001C000000FE0000001D00000006
:102E0400EB0000001C000000B100000029000000DD
:102E1400A70000003E000000E8000000820000005F
:102E240035000000F50000002E000000BB0000008B
:102E34004400000084000000E90000009C00000041
:102E44007000000026000000B40000005F000000D5
:102E54007E000000410000003900000091000000E5
:102E6400D600000039000000830000005300000079
:102E740039000000F40000009C0000008400000001
:102E84005F0000008B000000BD000000F90000009E
:102E9400280000003B0000001F000000F8000000B4
:102EA40097000000FF000000DE00000005000000A5
:102EB400980000000F000000EF0000002F00000049
:102EC400110000008B0000005A0000000A000000FE
:102ED4006D0000001F0000006D00000036000000BF
:102EE4007E000000CF00000027000000CB0000009F
:102EF40009000000B70000004F0000004600000079
:102F04003F000000660000009E0000005F0000001B
:102F1400EA0000002D0000007500000027000000FA
:102F2400BA000000C7000000EB000000E50000004C
:102F3400F10000007B0000003D00000007000000DD
:102F440039000000F70000008A0000005200000071
:102F540092000000EA0000006B000000FB0000008B
:102F64005F000000B10000001F0000008D000000A1
:102F74005D0000000800000056000000030000008F
:102F84003000000046000000FC0000007B00000050
:102F94006B000000AB000000F0000000CF00000058
:102FA400BC000000200000009A000000F4000000B3
:102FB400360000001D000000A9000000E30000002E
:102FC40091000000610000005E000000E6000000C7
:102FD4001B000000080000006500000099000000CC
:102FE400850000005F00000014000000A000000045
:102FF40068000000400000008D000000FF00000099
:10300400D8000000800000004D00000073000000A4
:103014002700000031000000060000000600000048
:103024001500000056000000CA00000073000000F4
:10303400A8000000C900000060000000E2000000D9
:103044007B000000C00000008C0000006B0000004A
:103054000000C93F0000F0390000DA370000A23355
:103064000000842E0000502B0000C2270000D02254
:103074000000C41F0000C61B000044170400000029
:10308400070000000900000000202020202020204C
:103094002020282828282820202020202020202004
:1030A4002020202020202020208810101010101014
:1030B4001010101010101010100404040404040460
:1030C40004040410101010101010414141414141FA
:1030D40001010101010101010101010101010101DC
:1030E40001010101101010101010424242424242EC
:1030F40002020202020202020202020202020202AC
:103104000202020210101010200000000000000053
:1031140000000000000000000000000000000000AB
:10312400000000000000000000000000000000009B
:10313400000000000000000000000000000000008B
:10314400000000000000000000000000000000007B
:10315400000000000000000000000000000000006B
:10316400000000000000000000000000000000005B
:10317400000000000000000000000000000000004B
:10318400000000000000000000686C4C00412D4667
:10319400612D66383930313233343536375D002BA2
:0831A4002D00303000785800C6
:1031AC00B1BBFF7FB0B0A800FFFF010C040400000E
:1031BC000C0414001A04000099BBFF7FAB08B1008B
:1031CC00FFFF010C0E04000016042200280400006E
:1031DC0081BBFF7F8408B101B0B0B000FFFF010CD0
:1031EC00081400001E0430003604000008B10181F0
:1031FC00B0B000840000000008B10181B0B00084C0
:04320C0000000000BE
:10321000ECD9FE7F01000000208EFF7F90FFFF7F32
:10322000388EFF7FA0FFFF7F5C8EFF7F01000000D4
:103230000491FF7FA8FFFF7F5891FF7F01000000EE
:1032400090D6FF7FB0A902801CD7FF7FB0B0A880C6
:103250006CD7FF7F0100000074D7FF7FB0B0AA8059
:10326000A4D7FF7FAE71B28070D8FF7FAB3F3880AC
:10327000D0D8FF7F01000000D8D8FF7FB0B0AA806F
:1032800010D9FF7F01000000B4D9FF7FAA0DB280E2
:1032900030DAFF7FB0AF0880C0DCFF7F01000000A4
:1032A000D0DCFF7FAD3F028070DFFF7F01000000B8
:1032B000A0DFFF7F00840480B4DFFF7F01000000F7
:1032C000B0DFFF7FB0AD04807CE2FF7FB0A8038059
:1032D000A0E2FF7F24FFFF7FA4E2FF7F28FFFF7FA4
:0832E000B0E2FF7F01000000D5
:1032E800290D00089DC0000835C3000891EB0008AF
:0432F800010D0008BC
:1032FC000000000001000000100000000902430063
:10330C00020100C032090400000102020100052480
:10331C00001001052401000104240202052406000A
:10332C00010705820308001009040100020A0000CD
:10333C000007050102400000070581024000000063
:10334C00296F0008CD6E0008D16D00080000000048
:10335C00556C0008656D00082D6D0008000000001C
:10336C000000000000000000E56C0008996C0008EB
:10337C00E16C00088D6C00080A0600020000004099
:10338C0001000000AAAAAAAA0024F400EDBA0008C1
:10339C00A5BA0008A9BA0008C1BA0008ADBA00085D
:1033AC001A030000000000000000000000000000F4
:1033BC0000000000000000000000000004030904ED
:1033CC0012010002020200408304CA000002010242
:1033DC000301000001BE00080DBE000819BE000864
:1033EC0035BE000889BE000851BE00086DBE00083D
:1033FC003900000000002C43000000000000F042E7
:10340C000000000000002C43000000000000C84237
:10341C0000010000000070C200002043000098C1B1
:10342C000000000000002C43000000000000A0423F
:10343C00000100000000F2C200002043000098C10F
:10344C000000000000002C4300000000000070424F
:10345C0000010000000036C300002043000098C1AA
:10346C000000000000002C4300000000000020427F
:10347C0000010000000073C300002043000098C14D
:10348C000000000000002C43000000000000A041E0
:10349C0000010000000070C2000020430000803FCB
:1034AC000000000000002C430000000000000000A1
:1034BC00000100000000F2C2000020430000803F29
:1034CC000000000000002C43000000000000A0C120
:1034DC0000010000000036C3000020430000803FC4
:1034EC000000000000006843000000000000C8421B
:1034FC0000010000000073C3000020430000803F67
:10350C000000000000006843000000000000A04222
:10351C0000010000000070C2000020430000A84120
:10352C000000000000006843000000000000704232
:10353C00000100000000F2C2000020430000A8417E
:10354C000000000000006843000000000000204262
:10355C0000010000000036C3000020430000A84119
:10356C000000000000006843000000000000A041C3
:10357C0000010000000073C3000020430000A841BC
:10358C000000000000006843000000000000000084
:10359C0000010000000070C2000020430000244223
:1035AC000000000000006843000000000000A0C103
:1035BC00000100000000F2C2000020430000244281
:1035CC000000000000009243000000000000C84210
:1035DC0000010000000036C300002043000024421C
:1035EC000000000000009243000000000000A04218
:1035FC0000010000000073C30000204300002442BF
:10360C000000000000009243000000000000704227
:10361C0000010000000070C2000020430000744252
:10362C000000000000009243000000000000204257
:10363C00000100000000F2C20000204300007442B0
:10364C000000000000009243000000000000A041B8
:10365C0000010000000036C300002043000074424B
:10366C000000000000009243000000000000000079
:10367C0000010000000073C30000204300007442EE
:10368C000000000000009243000000000000A0C1F8
:10369C0000010000000070C2000020430000A242A4
:1036AC00000000000000B043000000000000C84211
:1036BC00000100000000F2C2000020430000A24202
:1036CC00000000000000B043000000000000A04219
:1036DC0000010000000036C3000020430000A2429D
:1036EC00000000000000B043000000000000704229
:1036FC0000010000000073C3000020430000A24240
:10370C00000000000000B043000000000000204258
:10371C0000010000000070C2000020430000CA42FB
:10372C00000000000000B043000000000000A041B9
:10373C00000100000000F2C2000020430000CA4259
:10374C00000000000000B04300000000000000007A
:10375C0000010000000036C3000020430000CA42F4
:10376C00000000000000B043000000000000A0C1F9
:10377C0000010000000073C3000020430000CA4297
:10378C00000000003900000000002C430000000085
:10379C000000F0420000000000002C43000000007C
:1037AC000000C84200010000000070C2000020436D
:1037BC00000090C10000000000002C43000000003D
:1037CC000000A042000100000000F2C200002043F3
:1037DC00000090C10000000000002C43000000001D
:1037EC000000704200010000000036C300002043BE
:1037FC00000090C10000000000002C4300000000FD
:10380C000000204200010000000073C300002043B0
:10381C00000090C10000000000002C4300000000DC
:10382C000000A041000100000000F0C100005C435A
:10383C00000090C10100000000002C4300000000BB
:10384C0000000000000100000000F0C100808C436B
:10385C00000090C10100000000002C43000000009B
:10386C000000A0C1000100000000F0C10000AB434B
:10387C00000090C10100000000006843000000003F
:10388C000000C84200010000000070C2000020438C
:10389C000000004000000000000068430000000031
:1038AC000000A042000100000000F2C20000204312
:1038BC000000004000000000000068430000000011
:1038CC000000704200010000000036C300002043DD
:1038DC0000000040000000000000684300000000F1
:1038EC000000204200010000000073C300002043D0
:1038FC0000000040000000000000684300000000D1
:10390C000000A041000100000000F0C100005C4379
:10391C0000000040010000000000684300000000AF
:10392C0000000000000100000000F0C100808C438A
:10393C00000000400100000000006843000000008F
:10394C000000A0C1000100000000F0C10000AB436A
:10395C000000004001000000000092430000000045
:10396C000000C84200010000000070C200002043AB
:10397C000000B04100000000000092430000000075
:10398C000000A042000100000000F2C20000204331
:10399C000000B04100000000000092430000000055
:1039AC000000704200010000000036C300002043FC
:1039BC000000B04100000000000092430000000035
:1039CC000000204200010000000073C300002043EF
:1039DC000000B04100000000000092430000000015
:1039EC000000A041000100000000F0C100005C4399
:1039FC000000B041010000000000924300000000F4
:103A0C0000000000000100000000F0C100808C43A9
:103A1C000000B041010000000000924300000000D3
:103A2C000000A0C1000100000000F0C10000AB4389
:103A3C000000B041010000000000B0430000000095
:103A4C000000C84200010000000070C200002043CA
:103A5C0000002842000000000000B04300000000FD
:103A6C000000A042000100000000F2C20000204350
:103A7C0000002842000000000000B04300000000DD
:103A8C000000704200010000000036C3000020431B
:103A9C0000002842000000000000B04300000000BD
:103AAC000000204200010000000073C3000020430E
:103ABC0000002842000000000000B043000000009D
:103ACC000000A041000100000000F0C100005C43B8
:103ADC0000002842010000000000B043000000007C
:103AEC0000000000000100000000F0C100808C43C9
:103AFC0000002842010000000000B043000000005C
:103B0C000000A0C1000100000000F0C10000AB43A8
:103B1C0000002842010000003900000000002C4386
:103B2C00000000000000F0420000000000002C43E8
:103B3C00000000000000C84200010000000070C23C
:103B4C0000002043000098C10000000000002C433E
:103B5C00000000000000A042000100000000F2C2C2
:103B6C0000002043000098C10000000000002C431E
:103B7C00000000000000704200010000000036C38D
:103B8C0000002043000098C10000000000002C43FE
:103B9C00000000000000204200010000000073C380
:103BAC0000002043000098C10000000000002C43DE
:103BBC00000000000000A04100010000000070C2E5
:103BCC00000020430000803F0000000000002C4358
:103BDC000000000000000000000100000000F2C224
:103BEC00000020430000803F0000000000002C4338
:103BFC00000000000000A0C100010000000036C35E
:103C0C00000020430000803F0000000000006843DB
:103C1C00000000000000C84200010000000073C357
:103C2C00000020430000803F0000000000006843BB
:103C3C00000000000000A04200010000000070C263
:103C4C00000020430000A841000000000000684371
:103C5C000000000000007042000100000000F2C2F1
:103C6C00000020430000A841000000000000684351
:103C7C00000000000000204200010000000036C3DC
:103C8C00000020430000A841000000000000684331
:103C9C00000000000000A04100010000000073C300
:103CAC00000020430000A841000000000000684311
:103CBC00000000000000000000010000000070C2C5
:103CCC000000204300002442000000000000684374
:103CDC00000000000000A0C1000100000000F2C2C2
:103CEC00000020430000244200000000000092432A
:103CFC00000000000000C84200010000000036C3B4
:103D0C000000204300002442000000000000924309
:103D1C00000000000000A04200010000000073C37E
:103D2C0000002043000024420000000000009243E9
:103D3C00000000000000704200010000000070C292
:103D4C000000204300007442000000000000924379
:103D5C000000000000002042000100000000F2C240
:103D6C000000204300007442000000000000924359
:103D7C00000000000000A04100010000000036C35C
:103D8C000000204300007442000000000000924339
:103D9C00000000000000000000010000000073C3E0
:103DAC000000204300007442000000000000924319
:103DBC00000000000000A0C100010000000070C263
:103DCC00000020430000A242000000000000B043AD
:103DDC00000000000000C842000100000000F2C218
:103DEC00000020430000A242000000000000B0438D
:103DFC00000000000000A04200010000000036C3DB
:103E0C00000020430000A242000000000000B0436C
:103E1C00000000000000704200010000000073C3AD
:103E2C00000020430000A242000000000000B0434C
:103E3C00000000000000204200010000000070C2E1
:103E4C00000020430000CA42000000000000B04304
:103E5C00000000000000A041000100000000F2C2C0
:103E6C00000020430000CA42000000000000B043E4
:103E7C00000000000000000000010000000036C33C
:103E8C00000020430000CA42000000000000B043C4
:103E9C00000000000000A0C100010000000073C37E
:103EAC00000020430000CA42000000000101000095
:103EBC000000B34300000000000000000E000000F2
:103ECC008000000000000000AC6F0020FF0100002B
:103EDC0000000000000000000000000008000000CE
:103EEC0000000000000000000000000000000000C6
:103EFC0000000000000000000000000000000000B6
:103F0C00000000000000000000AC6F002000020068
:103F1C00000000000000000000000000000800008D
:103F2C000000000000000000000000000000000085
:103F3C000000000000000000000000000000000075
:103F4C0000000000000000000000AC6F0020FF0229
:103F5C00000000000000000000000000000008004D
:103F6C000000000000000000000000000000000045
:103F7C000000000000000000000000000000000035
:103F8C000000000000000000000000846F0020FF13
:103F9C00010000000000000000000000000000080C
:103FAC000000000000000000000000000000000005
:103FBC0000000000000000000000000000000000F5
:103FCC00000000000000000000000000846F0020D2
:103FDC0000020000000000000000000000000000D3
:103FEC0008000000000000000000000000000000BD
:103FFC0000000000000000000000000000000000B5
:10400C0000000000000000000000000000846F00B1
:10401C0020FF020000000000000000000000000073
:10402C00000800000000000000000000000000007C
:10403C000000000000000000000000000000000074
:10404C000000000000000000000000000000000064
:10405C00A5F000089D1501086C0D00200000000063
:10406C0044980020AC980020149900200000000017
:10407C000000000000000000000000000000000034
:10408C000000000000000000000000000000000024
:10409C000000000000000000000000000000000014
:0840AC0000000000000000000C
:040000050800BF052B
:00000001FF
